Measured Depth m,var1(t)
500.0,9.0
500.05,9.0
500.1,9.0
500.15,9.0
500.2,9.0
500.25,9.0
500.3,9.0
500.35,9.0
500.4,9.0
500.45,9.0
500.5,9.0
500.55,9.0
500.6,9.0
500.65,9.0
500.7,9.0
500.75,9.0
500.8,9.0
500.85,9.0
500.9,9.0
500.95,9.0
501.0,9.0
501.05,9.0
501.1,9.0
501.15,9.0
501.2,9.0
501.25,9.0
501.3,9.0
501.35,9.0
501.4,9.0
501.45,9.0
501.5,9.0
501.55,9.0
501.6,9.0
501.65,9.0
501.7,9.0
501.75,9.0
501.8,9.0
501.85,9.0
501.9,9.0
501.95,9.0
502.0,9.0
502.05,9.0
502.1,9.0
502.15,9.0
502.2,9.0
502.25,9.0
502.3,9.0
502.35,9.0
502.4,9.0
502.45,9.0
502.5,9.0
502.55,9.0
502.6,9.0
502.65,9.0
502.7,9.0
502.75,9.0
502.8,9.0
502.85,9.0
502.9,9.0
502.95,9.0
503.0,9.0
503.05,9.0
503.1,9.0
503.15,9.0
503.2,9.0
503.25,9.0
503.3,9.0
503.35,9.0
503.4,9.0
503.45,9.0
503.5,9.0
503.55,9.0
503.6,9.0
503.65,9.0
503.7,9.0
503.75,9.0
503.8,9.0
503.85,9.0
503.9,9.0
503.95,9.0
504.0,9.0
504.05,9.0
504.1,9.0
504.15,9.0
504.2,9.0
504.25,9.0
504.3,9.0
504.35,9.0
504.4,9.0
504.45,9.0
504.5,9.0
504.55,9.0
504.6,9.0
504.65,9.0
504.7,9.0
504.75,9.0
504.8,9.0
504.85,9.0
504.9,9.0
504.95,9.0
505.0,9.0
505.05,9.0
505.1,9.0
505.15,9.0
505.2,9.0
505.25,9.0
505.3,9.0
505.35,9.0
505.4,9.0
505.45,9.0
505.5,9.0
505.55,9.0
505.6,9.0
505.65,9.0
505.7,9.0
505.75,9.0
505.8,9.0
505.85,9.01
505.9,9.02
505.95,9.03
506.0,9.04
506.05,9.06
506.1,9.08
506.15,9.09
506.2,9.11
506.25,9.13
506.3,9.14
506.35,9.16
506.4,9.17
506.45,9.17
506.5,9.18
506.55,9.18
506.6,9.18
506.65,9.18
506.7,9.18
506.75,9.18
506.8,9.18
506.85,9.18
506.9,9.18
506.95,9.18
507.0,9.18
507.05,9.18
507.1,9.18
507.15,9.18
507.2,9.18
507.25,9.18
507.3,9.18
507.35,9.18
507.4,9.18
507.45,9.18
507.5,9.18
507.55,9.18
507.6,9.18
507.65,9.18
507.7,9.18
507.75,9.18
507.8,9.18
507.85,9.18
507.9,9.18
507.95,9.18
508.0,9.18
508.05,9.18
508.1,9.18
508.15,9.19
508.2,9.2
508.25,9.21
508.3,9.23
508.35,9.25
508.4,9.26
508.45,9.28
508.5,9.3
508.55,9.32
508.6,9.33
508.65,9.34
508.7,9.35
508.75,9.36
508.8,9.36
508.85,9.36
508.9,9.36
508.95,9.36
509.0,9.36
509.05,9.36
509.1,9.36
509.15,9.36
509.2,9.36
509.25,9.36
509.3,9.36
509.35,9.36
509.4,9.37
509.45,9.39
509.5,9.4
509.55,9.42
509.6,9.43
509.65,9.45
509.7,9.47
509.75,9.49
509.8,9.5
509.85,9.51
509.9,9.52
509.95,9.52
510.0,9.52
510.05,9.52
510.1,9.52
510.15,9.52
510.2,9.52
510.25,9.52
510.3,9.52
510.35,9.52
510.4,9.52
510.45,9.52
510.5,9.52
510.55,9.52
510.6,9.52
510.65,9.52
510.7,9.53
510.75,9.54
510.8,9.56
510.85,9.58
510.9,9.59
510.95,9.61
511.0,9.63
511.05,9.65
511.1,9.66
511.15,9.68
511.2,9.69
511.25,9.69
511.3,9.69
511.35,9.69
511.4,9.69
511.45,9.69
511.5,9.69
511.55,9.69
511.6,9.69
511.65,9.7
511.7,9.72
511.75,9.74
511.8,9.75
511.85,9.77
511.9,9.79
511.95,9.8
512.0,9.82
512.05,9.84
512.1,9.85
512.15,9.86
512.2,9.86
512.25,9.87
512.3,9.88
512.35,9.89
512.4,9.9
512.45,9.92
512.5,9.93
512.55,9.95
512.6,9.97
512.65,9.98
512.7,9.99
512.75,10.01
512.8,10.01
512.85,10.02
512.9,10.02
512.95,10.02
513.0,10.02
513.05,10.02
513.1,10.02
513.15,10.02
513.2,10.02
513.25,10.02
513.3,10.04
513.35,10.05
513.4,10.07
513.45,10.08
513.5,10.1
513.55,10.12
513.6,10.14
513.65,10.15
513.7,10.17
513.75,10.18
513.8,10.19
513.85,10.19
513.9,10.19
513.95,10.19
514.0,10.19
514.05,10.19
514.1,10.19
514.15,10.19
514.2,10.2
514.25,10.2
514.3,10.22
514.35,10.23
514.4,10.25
514.45,10.27
514.5,10.28
514.55,10.3
514.6,10.31
514.65,10.33
514.7,10.34
514.75,10.35
514.8,10.35
514.85,10.36
514.9,10.37
514.95,10.38
515.0,10.39
515.05,10.4
515.1,10.42
515.15,10.43
515.2,10.45
515.25,10.46
515.3,10.48
515.35,10.48
515.4,10.49
515.45,10.5
515.5,10.5
515.55,10.51
515.6,10.52
515.65,10.53
515.7,10.54
515.75,10.56
515.8,10.58
515.85,10.59
515.9,10.61
515.95,10.62
516.0,10.64
516.05,10.65
516.1,10.66
516.15,10.66
516.2,10.67
516.25,10.68
516.3,10.7
516.35,10.71
516.4,10.73
516.45,10.74
516.5,10.76
516.55,10.77
516.6,10.79
516.65,10.8
516.7,10.81
516.75,10.81
516.8,10.82
516.85,10.82
516.9,10.83
516.95,10.84
517.0,10.85
517.05,10.87
517.1,10.88
517.15,10.9
517.2,10.91
517.25,10.93
517.3,10.94
517.35,10.95
517.4,10.95
517.45,10.96
517.5,10.96
517.55,10.97
517.6,10.98
517.65,10.99
517.7,11.01
517.75,11.02
517.8,11.04
517.85,11.05
517.9,11.07
517.95,11.08
518.0,11.1
518.05,11.1
518.1,11.11
518.15,11.11
518.2,11.11
518.25,11.11
518.3,11.12
518.35,11.12
518.4,11.14
518.45,11.15
518.5,11.17
518.55,11.18
518.6,11.2
518.65,11.21
518.7,11.23
518.75,11.24
518.8,11.25
518.85,11.26
518.9,11.26
518.95,11.27
519.0,11.27
519.05,11.28
519.1,11.3
519.15,11.31
519.2,11.33
519.25,11.34
519.3,11.36
519.35,11.37
519.4,11.38
519.45,11.4
519.5,11.4
519.55,11.41
519.6,11.41
519.65,11.41
519.7,11.41
519.75,11.41
519.8,11.41
519.85,11.42
519.9,11.43
519.95,11.45
520.0,11.46
520.05,11.48
520.1,11.49
520.15,11.5
520.2,11.52
520.25,11.53
520.3,11.54
520.35,11.55
520.4,11.55
520.45,11.55
520.5,11.55
520.55,11.55
520.6,11.55
520.65,11.56
520.7,11.57
520.75,11.58
520.8,11.59
520.85,11.6
520.9,11.61
520.95,11.63
521.0,11.64
521.05,11.66
521.1,11.67
521.15,11.68
521.2,11.68
521.25,11.69
521.3,11.69
521.35,11.69
521.4,11.7
521.45,11.71
521.5,11.72
521.55,11.73
521.6,11.74
521.65,11.75
521.7,11.77
521.75,11.78
521.8,11.8
521.85,11.81
521.9,11.82
521.95,11.82
522.0,11.83
522.05,11.83
522.1,11.83
522.15,11.84
522.2,11.85
522.25,11.87
522.3,11.88
522.35,11.89
522.4,11.91
522.45,11.92
522.5,11.94
522.55,11.95
522.6,11.96
522.65,11.97
522.7,11.97
522.75,11.97
522.8,11.98
522.85,12.0
522.9,12.01
522.95,12.02
523.0,12.04
523.05,12.05
523.1,12.07
523.15,12.08
523.2,12.09
523.25,12.1
523.3,12.11
523.35,12.12
523.4,12.12
523.45,12.14
523.5,12.15
523.55,12.16
523.6,12.18
523.65,12.19
523.7,12.2
523.75,12.22
523.8,12.23
523.85,12.24
523.9,12.24
523.95,12.24
524.0,12.25
524.05,12.25
524.1,12.26
524.15,12.27
524.2,12.29
524.25,12.3
524.3,12.32
524.35,12.33
524.4,12.34
524.45,12.36
524.5,12.36
524.55,12.37
524.6,12.38
524.65,12.38
524.7,12.38
524.75,12.39
524.8,12.39
524.85,12.4
524.9,12.41
524.95,12.42
525.0,12.43
525.05,12.45
525.1,12.46
525.15,12.47
525.2,12.49
525.25,12.5
525.3,12.52
525.35,12.53
525.4,12.55
525.45,12.56
525.5,12.56
525.55,12.55
525.6,12.54
525.65,12.53
525.7,12.52
525.75,12.51
525.8,12.5
525.85,12.49
525.9,12.47
525.95,12.47
526.0,12.46
526.05,12.47
526.1,12.48
526.15,12.5
526.2,12.51
526.25,12.53
526.3,12.54
526.35,12.56
526.4,12.57
526.45,12.58
526.5,12.59
526.55,12.61
526.6,12.62
526.65,12.63
526.7,12.64
526.75,12.65
526.8,12.66
526.85,12.67
526.9,12.68
526.95,12.69
527.0,12.71
527.05,12.72
527.1,12.73
527.15,12.74
527.2,12.75
527.25,12.76
527.3,12.77
527.35,12.77
527.4,12.77
527.45,12.77
527.5,12.78
527.55,12.79
527.6,12.81
527.65,12.82
527.7,12.83
527.75,12.84
527.8,12.86
527.85,12.87
527.9,12.88
527.95,12.89
528.0,12.9
528.05,12.9
528.1,12.9
528.15,12.9
528.2,12.9
528.25,12.9
528.3,12.91
528.35,12.92
528.4,12.92
528.45,12.93
528.5,12.95
528.55,12.96
528.6,12.97
528.65,12.98
528.7,12.99
528.75,13.0
528.8,13.01
528.85,13.01
528.9,13.02
528.95,13.02
529.0,13.02
529.05,13.03
529.1,13.04
529.15,13.04
529.2,13.06
529.25,13.07
529.3,13.08
529.35,13.09
529.4,13.11
529.45,13.12
529.5,13.13
529.55,13.14
529.6,13.14
529.65,13.15
529.7,13.15
529.75,13.15
529.8,13.16
529.85,13.16
529.9,13.17
529.95,13.18
530.0,13.19
530.05,13.21
530.1,13.22
530.15,13.23
530.2,13.25
530.25,13.26
530.3,13.28
530.35,13.29
530.4,13.31
530.45,13.32
530.5,13.34
530.55,13.35
530.6,13.36
530.65,13.37
530.7,13.38
530.75,13.39
530.8,13.4
530.85,13.4
530.9,13.4
530.95,13.4
531.0,13.4
531.05,13.4
531.1,13.4
531.15,13.4
531.2,13.4
531.25,13.4
531.3,13.41
531.35,13.42
531.4,13.43
531.45,13.44
531.5,13.45
531.55,13.46
531.6,13.48
531.65,13.49
531.7,13.5
531.75,13.51
531.8,13.52
531.85,13.52
531.9,13.52
531.95,13.52
532.0,13.52
532.05,13.52
532.1,13.53
532.15,13.54
532.2,13.54
532.25,13.55
532.3,13.57
532.35,13.58
532.4,13.59
532.45,13.6
532.5,13.61
532.55,13.62
532.6,13.63
532.65,13.63
532.7,13.64
532.75,13.64
532.8,13.64
532.85,13.64
532.9,13.64
532.95,13.64
533.0,13.65
533.05,13.65
533.1,13.66
533.15,13.67
533.2,13.68
533.25,13.7
533.3,13.71
533.35,13.72
533.4,13.73
533.45,13.74
533.5,13.75
533.55,13.75
533.6,13.76
533.65,13.76
533.7,13.76
533.75,13.76
533.8,13.76
533.85,13.76
533.9,13.76
533.95,13.76
534.0,13.76
534.05,13.76
534.1,13.76
534.15,13.76
534.2,13.77
534.25,13.78
534.3,13.79
534.35,13.81
534.4,13.82
534.45,13.83
534.5,13.84
534.55,13.85
534.6,13.87
534.65,13.87
534.7,13.88
534.75,13.88
534.8,13.88
534.85,13.88
534.9,13.88
534.95,13.88
535.0,13.88
535.05,13.88
535.1,13.88
535.15,13.88
535.2,13.88
535.25,13.89
535.3,13.89
535.35,13.9
535.4,13.91
535.45,13.93
535.5,13.94
535.55,13.95
535.6,13.96
535.65,13.97
535.7,13.98
535.75,13.99
535.8,14.0
535.85,14.0
535.9,14.0
535.95,14.0
536.0,14.0
536.05,14.0
536.1,14.0
536.15,14.0
536.2,14.0
536.25,14.0
536.3,14.0
536.35,14.0
536.4,14.0
536.45,14.01
536.5,14.02
536.55,14.03
536.6,14.04
536.65,14.05
536.7,14.06
536.75,14.08
536.8,14.09
536.85,14.1
536.9,14.11
536.95,14.12
537.0,14.12
537.05,14.12
537.1,14.12
537.15,14.12
537.2,14.12
537.25,14.12
537.3,14.12
537.35,14.12
537.4,14.12
537.45,14.12
537.5,14.12
537.55,14.12
537.6,14.12
537.65,14.12
537.7,14.12
537.75,14.12
537.8,14.12
537.85,14.12
537.9,14.12
537.95,14.12
538.0,14.12
538.05,14.12
538.1,14.12
538.15,14.12
538.2,14.12
538.25,14.12
538.3,14.12
538.35,14.12
538.4,14.12
538.45,14.12
538.5,14.12
538.55,14.12
538.6,14.12
538.65,14.12
538.7,14.12
538.75,14.12
538.8,14.12
538.85,14.12
538.9,14.12
538.95,14.12
539.0,14.12
539.05,14.12
539.1,14.12
539.15,14.12
539.2,14.12
539.25,14.12
539.3,14.12
539.35,14.12
539.4,14.12
539.45,14.12
539.5,14.12
539.55,14.12
539.6,14.12
539.65,14.12
539.7,14.12
539.75,14.12
539.8,14.12
539.85,14.12
539.9,14.12
539.95,14.12
540.0,14.12
540.05,14.12
540.1,14.12
540.15,14.12
540.2,14.12
540.25,14.12
540.3,14.12
540.35,14.12
540.4,14.12
540.45,14.12
540.5,14.12
540.55,14.12
540.6,14.12
540.65,14.12
540.7,14.12
540.75,14.12
540.8,14.12
540.85,14.12
540.9,14.12
540.95,14.12
541.0,14.12
541.05,14.12
541.1,14.12
541.15,14.12
541.2,14.12
541.25,14.12
541.3,14.12
541.35,14.12
541.4,14.12
541.45,14.12
541.5,14.12
541.55,14.12
541.6,14.12
541.65,14.12
541.7,14.12
541.75,14.12
541.8,14.12
541.85,14.12
541.9,14.12
541.95,14.12
542.0,14.12
542.05,14.12
542.1,14.12
542.15,14.12
542.2,14.12
542.25,14.12
542.3,14.12
542.35,14.12
542.4,14.12
542.45,14.12
542.5,14.12
542.55,14.12
542.6,14.12
542.65,14.12
542.7,14.12
542.75,14.12
542.8,14.12
542.85,14.12
542.9,14.12
542.95,14.12
543.0,14.12
543.05,14.12
543.1,14.12
543.15,14.12
543.2,14.12
543.25,14.12
543.3,14.12
543.35,14.12
543.4,14.12
543.45,14.12
543.5,14.12
543.55,14.12
543.6,14.12
543.65,14.12
543.7,14.12
543.75,14.12
543.8,14.12
543.85,14.12
543.9,14.12
543.95,14.12
544.0,14.12
544.05,14.12
544.1,14.12
544.15,14.12
544.2,14.12
544.25,14.12
544.3,14.12
544.35,14.12
544.4,14.12
544.45,14.12
544.5,14.12
544.55,14.12
544.6,14.12
544.65,14.12
544.7,14.12
544.75,14.12
544.8,14.12
544.85,14.12
544.9,14.12
544.95,14.12
545.0,14.12
545.05,14.13
545.1,14.13
545.15,14.14
545.2,14.15
545.25,14.16
545.3,14.18
545.35,14.19
545.4,14.2
545.45,14.21
545.5,14.22
545.55,14.23
545.6,14.23
545.65,14.24
545.7,14.24
545.75,14.24
545.8,14.24
545.85,14.24
545.9,14.24
545.95,14.24
546.0,14.24
546.05,14.24
546.1,14.24
546.15,14.24
546.2,14.24
546.25,14.24
546.3,14.24
546.35,14.24
546.4,14.24
546.45,14.24
546.5,14.24
546.55,14.24
546.6,14.24
546.65,14.24
546.7,14.24
546.75,14.24
546.8,14.24
546.85,14.24
546.9,14.24
546.95,14.24
547.0,14.24
547.05,14.24
547.1,14.24
547.15,14.24
547.2,14.24
547.25,14.24
547.3,14.24
547.35,14.24
547.4,14.24
547.45,14.24
547.5,14.24
547.55,14.24
547.6,14.24
547.65,14.24
547.7,14.24
547.75,14.24
547.8,14.25
547.85,14.25
547.9,14.26
547.95,14.27
548.0,14.28
548.05,14.29
548.1,14.31
548.15,14.32
548.2,14.33
548.25,14.34
548.3,14.34
548.35,14.35
548.4,14.35
548.45,14.35
548.5,14.35
548.55,14.35
548.6,14.35
548.65,14.35
548.7,14.35
548.75,14.35
548.8,14.35
548.85,14.36
548.9,14.37
548.95,14.37
549.0,14.39
549.05,14.4
549.1,14.41
549.15,14.42
549.2,14.43
549.25,14.44
549.3,14.45
549.35,14.46
549.4,14.47
549.45,14.47
549.5,14.47
549.55,14.47
549.6,14.47
549.65,14.47
549.7,14.47
549.75,14.47
549.8,14.48
549.85,14.48
549.9,14.49
549.95,14.5
550.0,14.51
550.05,14.52
550.1,14.53
550.15,14.54
550.2,14.55
550.25,14.56
550.3,14.57
550.35,14.57
550.4,14.58
550.45,14.59
550.5,14.6
550.55,14.61
550.6,14.63
550.65,14.64
550.7,14.65
550.75,14.66
550.8,14.67
550.85,14.68
550.9,14.69
550.95,14.69
551.0,14.7
551.05,14.7
551.1,14.7
551.15,14.7
551.2,14.7
551.25,14.71
551.3,14.71
551.35,14.72
551.4,14.74
551.45,14.75
551.5,14.76
551.55,14.77
551.6,14.78
551.65,14.79
551.7,14.8
551.75,14.81
551.8,14.81
551.85,14.81
551.9,14.81
551.95,14.81
552.0,14.81
552.05,14.82
552.1,14.82
552.15,14.83
552.2,14.84
552.25,14.85
552.3,14.86
552.35,14.87
552.4,14.88
552.45,14.89
552.5,14.9
552.55,14.91
552.6,14.93
552.65,14.94
552.7,14.95
552.75,14.97
552.8,14.98
552.85,14.99
552.9,15.0
552.95,15.01
553.0,15.02
553.05,15.03
553.1,15.03
553.15,15.04
553.2,15.05
553.25,15.06
553.3,15.07
553.35,15.08
553.4,15.09
553.45,15.1
553.5,15.11
553.55,15.12
553.6,15.14
553.65,15.15
553.7,15.16
553.75,15.17
553.8,15.18
553.85,15.2
553.9,15.21
553.95,15.22
554.0,15.23
554.05,15.24
554.1,15.24
554.15,15.25
554.2,15.26
554.25,15.26
554.3,15.27
554.35,15.28
554.4,15.3
554.45,15.32
554.5,15.34
554.55,15.36
554.6,15.38
554.65,15.4
554.7,15.42
554.75,15.43
554.8,15.45
554.85,15.46
554.9,15.46
554.95,15.47
555.0,15.47
555.05,15.48
555.1,15.48
555.15,15.49
555.2,15.5
555.25,15.51
555.3,15.52
555.35,15.53
555.4,15.54
555.45,15.55
555.5,15.57
555.55,15.58
555.6,15.59
555.65,15.61
555.7,15.62
555.75,15.63
555.8,15.64
555.85,15.65
555.9,15.66
555.95,15.67
556.0,15.68
556.05,15.68
556.1,15.68
556.15,15.69
556.2,15.7
556.25,15.71
556.3,15.72
556.35,15.73
556.4,15.74
556.45,15.75
556.5,15.76
556.55,15.77
556.6,15.78
556.65,15.78
556.7,15.78
556.75,15.78
556.8,15.78
556.85,15.78
556.9,15.79
556.95,15.79
557.0,15.8
557.05,15.81
557.1,15.82
557.15,15.83
557.2,15.84
557.25,15.86
557.3,15.87
557.35,15.88
557.4,15.89
557.45,15.9
557.5,15.91
557.55,15.92
557.6,15.93
557.65,15.94
557.7,15.95
557.75,15.96
557.8,15.97
557.85,15.98
557.9,15.98
557.95,15.99
558.0,15.99
558.05,15.99
558.1,15.99
558.15,16.0
558.2,16.0
558.25,16.01
558.3,16.02
558.35,16.03
558.4,16.04
558.45,16.05
558.5,16.06
558.55,16.08
558.6,16.09
558.65,16.1
558.7,16.11
558.75,16.12
558.8,16.13
558.85,16.14
558.9,16.15
558.95,16.16
559.0,16.17
559.05,16.18
559.1,16.19
559.15,16.19
559.2,16.2
559.25,16.2
559.3,16.2
559.35,16.2
559.4,16.21
559.45,16.21
559.5,16.22
559.55,16.23
559.6,16.24
559.65,16.25
559.7,16.26
559.75,16.27
559.8,16.28
559.85,16.29
559.9,16.31
559.95,16.32
560.0,16.33
560.05,16.34
560.1,16.35
560.15,16.36
560.2,16.37
560.25,16.38
560.3,16.39
560.35,16.4
560.4,16.4
560.45,16.41
560.5,16.41
560.55,16.42
560.6,16.43
560.65,16.44
560.7,16.45
560.75,16.46
560.8,16.47
560.85,16.48
560.9,16.49
560.95,16.51
561.0,16.52
561.05,16.53
561.1,16.54
561.15,16.55
561.2,16.56
561.25,16.57
561.3,16.58
561.35,16.59
561.4,16.6
561.45,16.61
561.5,16.62
561.55,16.63
561.6,16.63
561.65,16.64
561.7,16.65
561.75,16.66
561.8,16.67
561.85,16.68
561.9,16.69
561.95,16.7
562.0,16.71
562.05,16.72
562.1,16.73
562.15,16.74
562.2,16.75
562.25,16.76
562.3,16.77
562.35,16.78
562.4,16.79
562.45,16.8
562.5,16.82
562.55,16.83
562.6,16.84
562.65,16.85
562.7,16.86
562.75,16.87
562.8,16.88
562.85,16.89
562.9,16.89
562.95,16.9
563.0,16.9
563.05,16.91
563.1,16.91
563.15,16.92
563.2,16.93
563.25,16.94
563.3,16.95
563.35,16.96
563.4,16.97
563.45,16.98
563.5,16.99
563.55,17.01
563.6,17.02
563.65,17.03
563.7,17.04
563.75,17.06
563.8,17.08
563.85,17.09
563.9,17.11
563.95,17.13
564.0,17.14
564.05,17.16
564.1,17.17
564.15,17.18
564.2,17.18
564.25,17.19
564.3,17.19
564.35,17.19
564.4,17.19
564.45,17.19
564.5,17.19
564.55,17.2
564.6,17.2
564.65,17.21
564.7,17.22
564.75,17.23
564.8,17.24
564.85,17.25
564.9,17.26
564.95,17.27
565.0,17.28
565.05,17.29
565.1,17.3
565.15,17.31
565.2,17.32
565.25,17.33
565.3,17.34
565.35,17.35
565.4,17.36
565.45,17.37
565.5,17.38
565.55,17.39
565.6,17.39
565.65,17.4
565.7,17.4
565.75,17.41
565.8,17.42
565.85,17.43
565.9,17.44
565.95,17.44
566.0,17.45
566.05,17.46
566.1,17.47
566.15,17.49
566.2,17.5
566.25,17.51
566.3,17.52
566.35,17.52
566.4,17.53
566.45,17.53
566.5,17.53
566.55,17.53
566.6,17.53
566.65,17.53
566.7,17.53
566.75,17.53
566.8,17.54
566.85,17.54
566.9,17.55
566.95,17.56
567.0,17.57
567.05,17.58
567.1,17.58
567.15,17.59
567.2,17.59
567.25,17.59
567.3,17.6
567.35,17.61
567.4,17.61
567.45,17.62
567.5,17.63
567.55,17.64
567.6,17.65
567.65,17.66
567.7,17.67
567.75,17.68
567.8,17.68
567.85,17.69
567.9,17.69
567.95,17.69
568.0,17.69
568.05,17.7
568.1,17.71
568.15,17.72
568.2,17.73
568.25,17.74
568.3,17.75
568.35,17.77
568.4,17.79
568.45,17.8
568.5,17.82
568.55,17.83
568.6,17.84
568.65,17.85
568.7,17.86
568.75,17.87
568.8,17.88
568.85,17.88
568.9,17.88
568.95,17.88
569.0,17.88
569.05,17.88
569.1,17.88
569.15,17.88
569.2,17.88
569.25,17.89
569.3,17.9
569.35,17.91
569.4,17.92
569.45,17.92
569.5,17.93
569.55,17.94
569.6,17.95
569.65,17.96
569.7,17.97
569.75,17.97
569.8,17.97
569.85,17.97
569.9,17.97
569.95,17.97
570.0,17.97
570.05,17.97
570.1,17.97
570.15,17.97
570.2,17.97
570.25,17.97
570.3,17.97
570.35,17.97
570.4,17.97
570.45,17.97
570.5,17.97
570.55,17.97
570.6,17.97
570.65,17.97
570.7,17.98
570.75,17.98
570.8,17.99
570.85,18.0
570.9,18.01
570.95,18.02
571.0,18.02
571.05,18.03
571.1,18.04
571.15,18.05
571.2,18.05
571.25,18.06
571.3,18.06
571.35,18.06
571.4,18.06
571.45,18.06
571.5,18.06
571.55,18.06
571.6,18.06
571.65,18.06
571.7,18.06
571.75,18.06
571.8,18.06
571.85,18.06
571.9,18.06
571.95,18.06
572.0,18.06
572.05,18.06
572.1,18.06
572.15,18.06
572.2,18.06
572.25,18.06
572.3,18.06
572.35,18.06
572.4,18.06
572.45,18.06
572.5,18.06
572.55,18.06
572.6,18.06
572.65,18.06
572.7,18.06
572.75,18.06
572.8,18.06
572.85,18.06
572.9,18.06
572.95,18.06
573.0,18.06
573.05,18.06
573.1,18.06
573.15,18.06
573.2,18.06
573.25,18.06
573.3,18.06
573.35,18.06
573.4,18.06
573.45,18.06
573.5,18.06
573.55,18.06
573.6,18.06
573.65,18.06
573.7,18.06
573.75,18.06
573.8,18.06
573.85,18.06
573.9,18.06
573.95,18.06
574.0,18.06
574.05,18.06
574.1,18.06
574.15,18.06
574.2,18.06
574.25,18.06
574.3,18.06
574.35,18.06
574.4,18.06
574.45,18.06
574.5,18.06
574.55,18.06
574.6,18.06
574.65,18.06
574.7,18.06
574.75,18.06
574.8,18.06
574.85,18.06
574.9,18.06
574.95,18.06
575.0,18.06
575.05,18.06
575.1,18.06
575.15,18.06
575.2,18.06
575.25,18.06
575.3,18.06
575.35,18.06
575.4,18.06
575.45,18.06
575.5,18.06
575.55,18.06
575.6,18.06
575.65,18.06
575.7,18.06
575.75,18.06
575.8,18.06
575.85,18.06
575.9,18.06
575.95,18.06
576.0,18.06
576.05,18.06
576.1,18.06
576.15,18.06
576.2,18.06
576.25,18.06
576.3,18.06
576.35,18.06
576.4,18.06
576.45,18.06
576.5,18.06
576.55,18.06
576.6,18.06
576.65,18.06
576.7,18.06
576.75,18.06
576.8,18.06
576.85,18.06
576.9,18.06
576.95,18.06
577.0,18.06
577.05,18.06
577.1,18.06
577.15,18.06
577.2,18.06
577.25,18.06
577.3,18.06
577.35,18.06
577.4,18.06
577.45,18.06
577.5,18.06
577.55,18.06
577.6,18.06
577.65,18.06
577.7,18.06
577.75,18.06
577.8,18.06
577.85,18.06
577.9,18.06
577.95,18.06
578.0,18.06
578.05,18.06
578.1,18.06
578.15,18.06
578.2,18.06
578.25,18.06
578.3,18.06
578.35,18.06
578.4,18.06
578.45,18.06
578.5,18.06
578.55,18.06
578.6,18.06
578.65,18.06
578.7,18.06
578.75,18.06
578.8,18.06
578.85,18.06
578.9,18.06
578.95,18.06
579.0,18.06
579.05,18.06
579.1,18.06
579.15,18.06
579.2,18.06
579.25,18.06
579.3,18.06
579.35,18.06
579.4,18.06
579.45,18.06
579.5,18.06
579.55,18.06
579.6,18.06
579.65,18.06
579.7,18.06
579.75,18.06
579.8,18.06
579.85,18.06
579.9,18.06
579.95,18.06
580.0,18.06
580.05,18.06
580.1,18.06
580.15,18.06
580.2,18.06
580.25,18.06
580.3,18.06
580.35,18.06
580.4,18.06
580.45,18.06
580.5,18.06
580.55,18.06
580.6,18.06
580.65,18.06
580.7,18.06
580.75,18.06
580.8,18.06
580.85,18.06
580.9,18.06
580.95,18.06
581.0,18.06
581.05,18.06
581.1,18.06
581.15,18.06
581.2,18.06
581.25,18.06
581.3,18.06
581.35,18.06
581.4,18.06
581.45,18.06
581.5,18.07
581.55,18.07
581.6,18.08
581.65,18.09
581.7,18.1
581.75,18.11
581.8,18.11
581.85,18.12
581.9,18.13
581.95,18.14
582.0,18.14
582.05,18.15
582.1,18.15
582.15,18.15
582.2,18.15
582.25,18.15
582.3,18.15
582.35,18.15
582.4,18.15
582.45,18.15
582.5,18.15
582.55,18.15
582.6,18.15
582.65,18.15
582.7,18.15
582.75,18.15
582.8,18.15
582.85,18.15
582.9,18.15
582.95,18.15
583.0,18.15
583.05,18.15
583.1,18.15
583.15,18.15
583.2,18.15
583.25,18.15
583.3,18.15
583.35,18.15
583.4,18.15
583.45,18.15
583.5,18.15
583.55,18.15
583.6,18.15
583.65,18.15
583.7,18.15
583.75,18.15
583.8,18.15
583.85,18.15
583.9,18.15
583.95,18.15
584.0,18.15
584.05,18.15
584.1,18.15
584.15,18.15
584.2,18.15
584.25,18.15
584.3,18.15
584.35,18.15
584.4,18.15
584.45,18.15
584.5,18.15
584.55,18.15
584.6,18.15
584.65,18.15
584.7,18.15
584.75,18.15
584.8,18.15
584.85,18.15
584.9,18.15
584.95,18.15
585.0,18.15
585.05,18.15
585.1,18.15
585.15,18.15
585.2,18.15
585.25,18.15
585.3,18.15
585.35,18.15
585.4,18.15
585.45,18.15
585.5,18.15
585.55,18.15
585.6,18.15
585.65,18.15
585.7,18.15
585.75,18.15
585.8,18.15
585.85,18.15
585.9,18.15
585.95,18.15
586.0,18.15
586.05,18.15
586.1,18.15
586.15,18.15
586.2,18.15
586.25,18.15
586.3,18.15
586.35,18.15
586.4,18.15
586.45,18.15
586.5,18.16
586.55,18.16
586.6,18.17
586.65,18.18
586.7,18.19
586.75,18.2
586.8,18.21
586.85,18.22
586.9,18.23
586.95,18.24
587.0,18.24
587.05,18.25
587.1,18.25
587.15,18.25
587.2,18.25
587.25,18.25
587.3,18.25
587.35,18.25
587.4,18.25
587.45,18.25
587.5,18.25
587.55,18.25
587.6,18.25
587.65,18.25
587.7,18.25
587.75,18.25
587.8,18.25
587.85,18.25
587.9,18.25
587.95,18.25
588.0,18.25
588.05,18.25
588.1,18.25
588.15,18.25
588.2,18.25
588.25,18.25
588.3,18.25
588.35,18.25
588.4,18.25
588.45,18.25
588.5,18.25
588.55,18.25
588.6,18.25
588.65,18.26
588.7,18.26
588.75,18.27
588.8,18.27
588.85,18.28
588.9,18.29
588.95,18.3
589.0,18.31
589.05,18.32
589.1,18.33
589.15,18.33
589.2,18.34
589.25,18.34
589.3,18.34
589.35,18.34
589.4,18.34
589.45,18.34
589.5,18.34
589.55,18.34
589.6,18.34
589.65,18.34
589.7,18.34
589.75,18.34
589.8,18.34
589.85,18.35
589.9,18.35
589.95,18.36
590.0,18.37
590.05,18.38
590.1,18.38
590.15,18.39
590.2,18.4
590.25,18.41
590.3,18.42
590.35,18.42
590.4,18.43
590.45,18.43
590.5,18.43
590.55,18.44
590.6,18.44
590.65,18.45
590.7,18.45
590.75,18.46
590.8,18.47
590.85,18.48
590.9,18.49
590.95,18.49
591.0,18.5
591.05,18.51
591.1,18.52
591.15,18.53
591.2,18.53
591.25,18.54
591.3,18.55
591.35,18.56
591.4,18.57
591.45,18.58
591.5,18.58
591.55,18.59
591.6,18.6
591.65,18.6
591.7,18.61
591.75,18.62
591.8,18.62
591.85,18.63
591.9,18.64
591.95,18.64
592.0,18.65
592.05,18.66
592.1,18.67
592.15,18.68
592.2,18.68
592.25,18.69
592.3,18.7
592.35,18.7
592.4,18.71
592.45,18.72
592.5,18.73
592.55,18.73
592.6,18.74
592.65,18.75
592.7,18.76
592.75,18.77
592.8,18.77
592.85,18.78
592.9,18.78
592.95,18.79
593.0,18.79
593.05,18.79
593.1,18.8
593.15,18.8
593.2,18.81
593.25,18.82
593.3,18.82
593.35,18.83
593.4,18.84
593.45,18.85
593.5,18.86
593.55,18.86
593.6,18.87
593.65,18.87
593.7,18.88
593.75,18.88
593.8,18.89
593.85,18.9
593.9,18.91
593.95,18.92
594.0,18.93
594.05,18.94
594.1,18.95
594.15,18.96
594.2,18.97
594.25,18.98
594.3,18.99
594.35,19.0
594.4,19.01
594.45,19.02
594.5,19.03
594.55,19.04
594.6,19.05
594.65,19.06
594.7,19.07
594.75,19.08
594.8,19.09
594.85,19.1
594.9,19.11
594.95,19.13
595.0,19.14
595.05,19.16
595.1,19.17
595.15,19.18
595.2,19.19
595.25,19.2
595.3,19.21
595.35,19.21
595.4,19.22
595.45,19.22
595.5,19.22
595.55,19.23
595.6,19.24
595.65,19.24
595.7,19.25
595.75,19.26
595.8,19.28
595.85,19.29
595.9,19.3
595.95,19.32
596.0,19.34
596.05,19.35
596.1,19.36
596.15,19.37
596.2,19.38
596.25,19.39
596.3,19.39
596.35,19.4
596.4,19.4
596.45,19.41
596.5,19.42
596.55,19.42
596.6,19.43
596.65,19.44
596.7,19.45
596.75,19.46
596.8,19.48
596.85,19.49
596.9,19.5
596.95,19.52
597.0,19.53
597.05,19.54
597.1,19.56
597.15,19.57
597.2,19.59
597.25,19.6
597.3,19.62
597.35,19.64
597.4,19.66
597.45,19.67
597.5,19.69
597.55,19.71
597.6,19.73
597.65,19.75
597.7,19.76
597.75,19.78
597.8,19.79
597.85,19.8
597.9,19.81
597.95,19.82
598.0,19.83
598.05,19.84
598.1,19.85
598.15,19.86
598.2,19.87
598.25,19.87
598.3,19.88
598.35,19.89
598.4,19.9
598.45,19.91
598.5,19.92
598.55,19.93
598.6,19.94
598.65,19.95
598.7,19.96
598.75,19.97
598.8,19.97
598.85,19.98
598.9,19.99
598.95,20.0
599.0,20.01
599.05,20.03
599.1,20.04
599.15,20.05
599.2,20.07
599.25,20.09
599.3,20.1
599.35,20.12
599.4,20.14
599.45,20.16
599.5,20.17
599.55,20.19
599.6,20.2
599.65,20.21
599.7,20.22
599.75,20.23
599.8,20.23
599.85,20.24
599.9,20.24
599.95,20.25
600.0,20.25
600.05,20.26
600.1,20.27
600.15,20.28
600.2,20.29
600.25,20.31
600.3,20.33
600.35,20.34
600.4,20.36
600.45,20.38
600.5,20.4
600.55,20.42
600.6,20.43
600.65,20.45
600.7,20.46
600.75,20.47
600.8,20.48
600.85,20.49
600.9,20.5
600.95,20.51
601.0,20.51
601.05,20.53
601.1,20.54
601.15,20.55
601.2,20.57
601.25,20.59
601.3,20.61
601.35,20.62
601.4,20.64
601.45,20.66
601.5,20.67
601.55,20.69
601.6,20.7
601.65,20.71
601.7,20.72
601.75,20.72
601.8,20.73
601.85,20.74
601.9,20.75
601.95,20.76
602.0,20.77
602.05,20.79
602.1,20.8
602.15,20.81
602.2,20.83
602.25,20.84
602.3,20.85
602.35,20.87
602.4,20.88
602.45,20.89
602.5,20.9
602.55,20.92
602.6,20.93
602.65,20.94
602.7,20.95
602.75,20.95
602.8,20.96
602.85,20.97
602.9,20.98
602.95,20.99
603.0,21.0
603.05,21.01
603.1,21.02
603.15,21.04
603.2,21.05
603.25,21.07
603.3,21.09
603.35,21.11
603.4,21.12
603.45,21.14
603.5,21.16
603.55,21.18
603.6,21.19
603.65,21.21
603.7,21.22
603.75,21.24
603.8,21.25
603.85,21.26
603.9,21.27
603.95,21.28
604.0,21.29
604.05,21.3
604.1,21.31
604.15,21.32
604.2,21.34
604.25,21.35
604.3,21.37
604.35,21.38
604.4,21.4
604.45,21.41
604.5,21.43
604.55,21.44
604.6,21.45
604.65,21.46
604.7,21.48
604.75,21.49
604.8,21.5
604.85,21.51
604.9,21.52
604.95,21.53
605.0,21.55
605.05,21.56
605.1,21.58
605.15,21.6
605.2,21.62
605.25,21.63
605.3,21.65
605.35,21.67
605.4,21.68
605.45,21.7
605.5,21.72
605.55,21.73
605.6,21.75
605.65,21.77
605.7,21.78
605.75,21.8
605.8,21.81
605.85,21.83
605.9,21.85
605.95,21.86
606.0,21.88
606.05,21.9
606.1,21.92
606.15,21.93
606.2,21.96
606.25,21.98
606.3,22.0
606.35,22.03
606.4,22.05
606.45,22.07
606.5,22.09
606.55,22.1
606.6,22.11
606.65,22.12
606.7,22.13
606.75,22.14
606.8,22.15
606.85,22.16
606.9,22.17
606.95,22.18
607.0,22.19
607.05,22.2
607.1,22.22
607.15,22.23
607.2,22.25
607.25,22.27
607.3,22.29
607.35,22.3
607.4,22.32
607.45,22.34
607.5,22.35
607.55,22.37
607.6,22.39
607.65,22.4
607.7,22.41
607.75,22.42
607.8,22.43
607.85,22.43
607.9,22.44
607.95,22.45
608.0,22.45
608.05,22.47
608.1,22.48
608.15,22.49
608.2,22.51
608.25,22.53
608.3,22.56
608.35,22.59
608.4,22.62
608.45,22.64
608.5,22.67
608.55,22.69
608.6,22.71
608.65,22.74
608.7,22.76
608.75,22.78
608.8,22.8
608.85,22.81
608.9,22.83
608.95,22.84
609.0,22.85
609.05,22.87
609.1,22.88
609.15,22.89
609.2,22.9
609.25,22.91
609.3,22.92
609.35,22.93
609.4,22.94
609.45,22.96
609.5,22.97
609.55,22.98
609.6,22.99
609.65,23.0
609.7,23.01
609.75,23.02
609.8,23.03
609.85,23.04
609.9,23.06
609.95,23.07
610.0,23.09
610.05,23.11
610.1,23.12
610.15,23.14
610.2,23.16
610.25,23.17
610.3,23.19
610.35,23.21
610.4,23.22
610.45,23.24
610.5,23.25
610.55,23.27
610.6,23.28
610.65,23.29
610.7,23.31
610.75,23.32
610.8,23.34
610.85,23.35
610.9,23.37
610.95,23.38
611.0,23.39
611.05,23.4
611.1,23.42
611.15,23.43
611.2,23.44
611.25,23.45
611.3,23.46
611.35,23.48
611.4,23.49
611.45,23.5
611.5,23.52
611.55,23.53
611.6,23.55
611.65,23.56
611.7,23.58
611.75,23.59
611.8,23.61
611.85,23.62
611.9,23.63
611.95,23.65
612.0,23.65
612.05,23.66
612.1,23.67
612.15,23.68
612.2,23.69
612.25,23.69
612.3,23.7
612.35,23.71
612.4,23.71
612.45,23.72
612.5,23.73
612.55,23.74
612.6,23.75
612.65,23.76
612.7,23.78
612.75,23.79
612.8,23.8
612.85,23.81
612.9,23.83
612.95,23.84
613.0,23.86
613.05,23.88
613.1,23.89
613.15,23.91
613.2,23.92
613.25,23.94
613.3,23.95
613.35,23.97
613.4,23.98
613.45,23.99
613.5,24.0
613.55,24.01
613.6,24.02
613.65,24.02
613.7,24.03
613.75,24.03
613.8,24.03
613.85,24.04
613.9,24.04
613.95,24.05
614.0,24.06
614.05,24.07
614.1,24.08
614.15,24.1
614.2,24.11
614.25,24.13
614.3,24.14
614.35,24.16
614.4,24.17
614.45,24.19
614.5,24.2
614.55,24.22
614.6,24.23
614.65,24.24
614.7,24.25
614.75,24.27
614.8,24.28
614.85,24.29
614.9,24.3
614.95,24.31
615.0,24.32
615.05,24.33
615.1,24.34
615.15,24.35
615.2,24.37
615.25,24.38
615.3,24.39
615.35,24.4
615.4,24.41
615.45,24.42
615.5,24.44
615.55,24.45
615.6,24.46
615.65,24.47
615.7,24.48
615.75,24.5
615.8,24.51
615.85,24.53
615.9,24.54
615.95,24.56
616.0,24.57
616.05,24.58
616.1,24.59
616.15,24.61
616.2,24.62
616.25,24.63
616.3,24.63
616.35,24.64
616.4,24.64
616.45,24.65
616.5,24.66
616.55,24.66
616.6,24.67
616.65,24.68
616.7,24.68
616.75,24.69
616.8,24.7
616.85,24.71
616.9,24.72
616.95,24.73
617.0,24.74
617.05,24.75
617.1,24.76
617.15,24.77
617.2,24.78
617.25,24.79
617.3,24.8
617.35,24.82
617.4,24.83
617.45,24.84
617.5,24.86
617.55,24.87
617.6,24.88
617.65,24.89
617.7,24.9
617.75,24.91
617.8,24.92
617.85,24.93
617.9,24.93
617.95,24.94
618.0,24.95
618.05,24.95
618.1,24.96
618.15,24.97
618.2,24.98
618.25,24.99
618.3,25.0
618.35,25.01
618.4,25.02
618.45,25.03
618.5,25.05
618.55,25.06
618.6,25.07
618.65,25.08
618.7,25.09
618.75,25.1
618.8,25.11
618.85,25.12
618.9,25.13
618.95,25.14
619.0,25.15
619.05,25.15
619.1,25.16
619.15,25.17
619.2,25.17
619.25,25.18
619.3,25.19
619.35,25.2
619.4,25.2
619.45,25.21
619.5,25.21
619.55,25.22
619.6,25.22
619.65,25.23
619.7,25.24
619.75,25.24
619.8,25.25
619.85,25.26
619.9,25.26
619.95,25.27
620.0,25.27
620.05,25.28
620.1,25.29
620.15,25.29
620.2,25.3
620.25,25.3
620.3,25.31
620.35,25.32
620.4,25.32
620.45,25.33
620.5,25.33
620.55,25.33
620.6,25.33
620.65,25.34
620.7,25.35
620.75,25.35
620.8,25.36
620.85,25.37
620.9,25.37
620.95,25.38
621.0,25.39
621.05,25.4
621.1,25.4
621.15,25.41
621.2,25.41
621.25,25.42
621.3,25.42
621.35,25.43
621.4,25.44
621.45,25.45
621.5,25.45
621.55,25.46
621.6,25.46
621.65,25.47
621.7,25.47
621.75,25.47
621.8,25.47
621.85,25.47
621.9,25.47
621.95,25.47
622.0,25.47
622.05,25.48
622.1,25.48
622.15,25.48
622.2,25.49
622.25,25.5
622.3,25.5
622.35,25.51
622.4,25.51
622.45,25.52
622.5,25.52
622.55,25.53
622.6,25.53
622.65,25.53
622.7,25.53
622.75,25.53
622.8,25.53
622.85,25.53
622.9,25.53
622.95,25.53
623.0,25.53
623.05,25.53
623.1,25.53
623.15,25.53
623.2,25.53
623.25,25.53
623.3,25.53
623.35,25.53
623.4,25.53
623.45,25.53
623.5,25.53
623.55,25.53
623.6,25.53
623.65,25.53
623.7,25.53
623.75,25.53
623.8,25.53
623.85,25.53
623.9,25.53
623.95,25.53
624.0,25.53
624.05,25.53
624.1,25.53
624.15,25.53
624.2,25.53
624.25,25.53
624.3,25.53
624.35,25.53
624.4,25.53
624.45,25.53
624.5,25.53
624.55,25.53
624.6,25.53
624.65,25.53
624.7,25.53
624.75,25.53
624.8,25.53
624.85,25.53
624.9,25.53
624.95,25.53
625.0,25.53
625.05,25.53
625.1,25.53
625.15,25.53
625.2,25.53
625.25,25.53
625.3,25.53
625.35,25.53
625.4,25.53
625.45,25.53
625.5,25.53
625.55,25.53
625.6,25.53
625.65,25.53
625.7,25.53
625.75,25.53
625.8,25.53
625.85,25.53
625.9,25.53
625.95,25.53
626.0,25.53
626.05,25.53
626.1,25.53
626.15,25.53
626.2,25.53
626.25,25.53
626.3,25.53
626.35,25.53
626.4,25.53
626.45,25.53
626.5,25.53
626.55,25.53
626.6,25.53
626.65,25.53
626.7,25.53
626.75,25.53
626.8,25.53
626.85,25.53
626.9,25.53
626.95,25.53
627.0,25.53
627.05,25.52
627.1,25.52
627.15,25.51
627.2,25.51
627.25,25.5
627.3,25.49
627.35,25.49
627.4,25.48
627.45,25.48
627.5,25.47
627.55,25.47
627.6,25.47
627.65,25.47
627.7,25.47
627.75,25.47
627.8,25.47
627.85,25.47
627.9,25.47
627.95,25.47
628.0,25.47
628.05,25.47
628.1,25.47
628.15,25.47
628.2,25.47
628.25,25.47
628.3,25.47
628.35,25.47
628.4,25.47
628.45,25.47
628.5,25.47
628.55,25.47
628.6,25.47
628.65,25.47
628.7,25.47
628.75,25.47
628.8,25.47
628.85,25.47
628.9,25.47
628.95,25.47
629.0,25.47
629.05,25.47
629.1,25.47
629.15,25.47
629.2,25.47
629.25,25.47
629.3,25.47
629.35,25.47
629.4,25.47
629.45,25.47
629.5,25.47
629.55,25.47
629.6,25.47
629.65,25.47
629.7,25.47
629.75,25.47
629.8,25.47
629.85,25.47
629.9,25.47
629.95,25.47
630.0,25.47
630.05,25.47
630.1,25.47
630.15,25.47
630.2,25.47
630.25,25.47
630.3,25.47
630.35,25.47
630.4,25.47
630.45,25.47
630.5,25.47
630.55,25.47
630.6,25.47
630.65,25.47
630.7,25.47
630.75,25.47
630.8,25.47
630.85,25.47
630.9,25.47
630.95,25.47
631.0,25.47
631.05,25.47
631.1,25.47
631.15,25.47
631.2,25.47
631.25,25.47
631.3,25.47
631.35,25.47
631.4,25.47
631.45,25.47
631.5,25.47
631.55,25.47
631.6,25.47
631.65,25.47
631.7,25.47
631.75,25.47
631.8,25.47
631.85,25.47
631.9,25.47
631.95,25.47
632.0,25.47
632.05,25.47
632.1,25.47
632.15,25.47
632.2,25.47
632.25,25.47
632.3,25.47
632.35,25.47
632.4,25.47
632.45,25.47
632.5,25.47
632.55,25.47
632.6,25.47
632.65,25.47
632.7,25.47
632.75,25.47
632.8,25.47
632.85,25.47
632.9,25.47
632.95,25.47
633.0,25.47
633.05,25.47
633.1,25.47
633.15,25.47
633.2,25.47
633.25,25.47
633.3,25.47
633.35,25.47
633.4,25.47
633.45,25.47
633.5,25.47
633.55,25.47
633.6,25.47
633.65,25.47
633.7,25.47
633.75,25.47
633.8,25.47
633.85,25.47
633.9,25.47
633.95,25.47
634.0,25.47
634.05,25.47
634.1,25.47
634.15,25.47
634.2,25.47
634.25,25.47
634.3,25.47
634.35,25.47
634.4,25.47
634.45,25.47
634.5,25.47
634.55,25.47
634.6,25.47
634.65,25.47
634.7,25.47
634.75,25.47
634.8,25.47
634.85,25.47
634.9,25.47
634.95,25.47
635.0,25.47
635.05,25.47
635.1,25.47
635.15,25.47
635.2,25.47
635.25,25.47
635.3,25.47
635.35,25.47
635.4,25.47
635.45,25.47
635.5,25.47
635.55,25.47
635.6,25.47
635.65,25.47
635.7,25.47
635.75,25.47
635.8,25.47
635.85,25.47
635.9,25.47
635.95,25.47
636.0,25.47
636.05,25.47
636.1,25.47
636.15,25.47
636.2,25.47
636.25,25.47
636.3,25.47
636.35,25.47
636.4,25.47
636.45,25.47
636.5,25.47
636.55,25.47
636.6,25.47
636.65,25.47
636.7,25.47
636.75,25.47
636.8,25.47
636.85,25.47
636.9,25.47
636.95,25.47
637.0,25.47
637.05,25.47
637.1,25.47
637.15,25.47
637.2,25.47
637.25,25.47
637.3,25.47
637.35,25.47
637.4,25.47
637.45,25.47
637.5,25.47
637.55,25.47
637.6,25.47
637.65,25.47
637.7,25.47
637.75,25.47
637.8,25.47
637.85,25.47
637.9,25.47
637.95,25.47
638.0,25.47
638.05,25.47
638.1,25.47
638.15,25.47
638.2,25.47
638.25,25.47
638.3,25.47
638.35,25.46
638.4,25.46
638.45,25.45
638.5,25.44
638.55,25.44
638.6,25.43
638.65,25.42
638.7,25.42
638.75,25.41
638.8,25.41
638.85,25.4
638.9,25.4
638.95,25.4
639.0,25.4
639.05,25.4
639.1,25.4
639.15,25.4
639.2,25.4
639.25,25.4
639.3,25.4
639.35,25.4
639.4,25.4
639.45,25.4
639.5,25.4
639.55,25.4
639.6,25.4
639.65,25.4
639.7,25.4
639.75,25.4
639.8,25.4
639.85,25.4
639.9,25.4
639.95,25.4
640.0,25.4
640.05,25.4
640.1,25.4
640.15,25.4
640.2,25.4
640.25,25.4
640.3,25.4
640.35,25.4
640.4,25.4
640.45,25.4
640.5,25.4
640.55,25.4
640.6,25.4
640.65,25.4
640.7,25.4
640.75,25.4
640.8,25.4
640.85,25.4
640.9,25.4
640.95,25.4
641.0,25.4
641.05,25.4
641.1,25.4
641.15,25.4
641.2,25.4
641.25,25.4
641.3,25.4
641.35,25.4
641.4,25.4
641.45,25.4
641.5,25.4
641.55,25.4
641.6,25.4
641.65,25.4
641.7,25.4
641.75,25.4
641.8,25.4
641.85,25.4
641.9,25.4
641.95,25.39
642.0,25.39
642.05,25.38
642.1,25.37
642.15,25.37
642.2,25.36
642.25,25.35
642.3,25.35
642.35,25.34
642.4,25.33
642.45,25.33
642.5,25.33
642.55,25.33
642.6,25.33
642.65,25.33
642.7,25.33
642.75,25.33
642.8,25.33
642.85,25.33
642.9,25.33
642.95,25.33
643.0,25.33
643.05,25.33
643.1,25.33
643.15,25.33
643.2,25.33
643.25,25.33
643.3,25.33
643.35,25.33
643.4,25.33
643.45,25.33
643.5,25.33
643.55,25.33
643.6,25.33
643.65,25.33
643.7,25.33
643.75,25.33
643.8,25.33
643.85,25.33
643.9,25.33
643.95,25.33
644.0,25.33
644.05,25.33
644.1,25.33
644.15,25.33
644.2,25.33
644.25,25.33
644.3,25.33
644.35,25.33
644.4,25.33
644.45,25.33
644.5,25.33
644.55,25.33
644.6,25.33
644.65,25.33
644.7,25.33
644.75,25.33
644.8,25.33
644.85,25.33
644.9,25.33
644.95,25.33
645.0,25.33
645.05,25.33
645.1,25.33
645.15,25.33
645.2,25.33
645.25,25.33
645.3,25.33
645.35,25.33
645.4,25.33
645.45,25.33
645.5,25.33
645.55,25.33
645.6,25.33
645.65,25.33
645.7,25.33
645.75,25.33
645.8,25.33
645.85,25.33
645.9,25.33
645.95,25.33
646.0,25.33
646.05,25.33
646.1,25.33
646.15,25.33
646.2,25.33
646.25,25.33
646.3,25.33
646.35,25.33
646.4,25.33
646.45,25.33
646.5,25.33
646.55,25.33
646.6,25.34
646.65,25.34
646.7,25.34
646.75,25.34
646.8,25.34
646.85,25.35
646.9,25.35
646.95,25.35
647.0,25.35
647.05,25.35
647.1,25.35
647.15,25.35
647.2,25.34
647.25,25.34
647.3,25.33
647.35,25.33
647.4,25.32
647.45,25.31
647.5,25.31
647.55,25.3
647.6,25.3
647.65,25.29
647.7,25.29
647.75,25.29
647.8,25.29
647.85,25.29
647.9,25.29
647.95,25.29
648.0,25.29
648.05,25.29
648.1,25.29
648.15,25.29
648.2,25.29
648.25,25.29
648.3,25.29
648.35,25.29
648.4,25.29
648.45,25.29
648.5,25.29
648.55,25.29
648.6,25.29
648.65,25.29
648.7,25.29
648.75,25.29
648.8,25.29
648.85,25.29
648.9,25.29
648.95,25.29
649.0,25.29
649.05,25.29
649.1,25.29
649.15,25.29
649.2,25.29
649.25,25.29
649.3,25.29
649.35,25.29
649.4,25.29
649.45,25.29
649.5,25.29
649.55,25.29
649.6,25.29
649.65,25.29
649.7,25.29
649.75,25.29
649.8,25.29
649.85,25.29
649.9,25.29
649.95,25.29
650.0,25.29
650.05,25.29
650.1,25.29
650.15,25.29
650.2,25.29
650.25,25.29
650.3,25.29
650.35,25.29
650.4,25.29
650.45,25.29
650.5,25.29
650.55,25.29
650.6,25.29
650.65,25.29
650.7,25.29
650.75,25.29
650.8,25.29
650.85,25.29
650.9,25.29
650.95,25.29
651.0,25.29
651.05,25.29
651.1,25.29
651.15,25.29
651.2,25.29
651.25,25.29
651.3,25.29
651.35,25.29
651.4,25.29
651.45,25.29
651.5,25.29
651.55,25.29
651.6,25.29
651.65,25.29
651.7,25.29
651.75,25.29
651.8,25.29
651.85,25.29
651.9,25.29
651.95,25.29
652.0,25.29
652.05,25.29
652.1,25.29
652.15,25.29
652.2,25.29
652.25,25.29
652.3,25.29
652.35,25.29
652.4,25.29
652.45,25.29
652.5,25.29
652.55,25.29
652.6,25.29
652.65,25.29
652.7,25.29
652.75,25.29
652.8,25.29
652.85,25.29
652.9,25.29
652.95,25.29
653.0,25.29
653.05,25.29
653.1,25.29
653.15,25.29
653.2,25.29
653.25,25.29
653.3,25.29
653.35,25.29
653.4,25.29
653.45,25.29
653.5,25.29
653.55,25.29
653.6,25.29
653.65,25.29
653.7,25.29
653.75,25.29
653.8,25.29
653.85,25.29
653.9,25.29
653.95,25.29
654.0,25.29
654.05,25.29
654.1,25.29
654.15,25.29
654.2,25.29
654.25,25.29
654.3,25.29
654.35,25.29
654.4,25.29
654.45,25.29
654.5,25.28
654.55,25.28
654.6,25.27
654.65,25.27
654.7,25.26
654.75,25.25
654.8,25.25
654.85,25.24
654.9,25.23
654.95,25.23
655.0,25.22
655.05,25.22
655.1,25.22
655.15,25.22
655.2,25.22
655.25,25.22
655.3,25.22
655.35,25.22
655.4,25.22
655.45,25.22
655.5,25.22
655.55,25.22
655.6,25.22
655.65,25.22
655.7,25.22
655.75,25.22
655.8,25.22
655.85,25.22
655.9,25.22
655.95,25.22
656.0,25.22
656.05,25.22
656.1,25.22
656.15,25.22
656.2,25.22
656.25,25.22
656.3,25.22
656.35,25.22
656.4,25.22
656.45,25.22
656.5,25.22
656.55,25.22
656.6,25.22
656.65,25.21
656.7,25.21
656.75,25.2
656.8,25.2
656.85,25.19
656.9,25.18
656.95,25.17
657.0,25.17
657.05,25.16
657.1,25.16
657.15,25.15
657.2,25.15
657.25,25.15
657.3,25.15
657.35,25.15
657.4,25.15
657.45,25.15
657.5,25.15
657.55,25.15
657.6,25.15
657.65,25.15
657.7,25.15
657.75,25.15
657.8,25.15
657.85,25.15
657.9,25.15
657.95,25.15
658.0,25.15
658.05,25.15
658.1,25.15
658.15,25.14
658.2,25.14
658.25,25.13
658.3,25.13
658.35,25.12
658.4,25.11
658.45,25.11
658.5,25.1
658.55,25.09
658.6,25.09
658.65,25.09
658.7,25.08
658.75,25.08
658.8,25.08
658.85,25.08
658.9,25.08
658.95,25.08
659.0,25.08
659.05,25.08
659.1,25.08
659.15,25.08
659.2,25.08
659.25,25.08
659.3,25.08
659.35,25.08
659.4,25.08
659.45,25.08
659.5,25.08
659.55,25.08
659.6,25.08
659.65,25.08
659.7,25.08
659.75,25.08
659.8,25.08
659.85,25.08
659.9,25.08
659.95,25.07
660.0,25.07
660.05,25.06
660.1,25.05
660.15,25.05
660.2,25.04
660.25,25.04
660.3,25.03
660.35,25.03
660.4,25.02
660.45,25.02
660.5,25.02
660.55,25.02
660.6,25.02
660.65,25.02
660.7,25.02
660.75,25.02
660.8,25.02
660.85,25.02
660.9,25.02
660.95,25.02
661.0,25.02
661.05,25.02
661.1,25.02
661.15,25.02
661.2,25.02
661.25,25.02
661.3,25.02
661.35,25.02
661.4,25.02
661.45,25.02
661.5,25.02
661.55,25.02
661.6,25.02
661.65,25.02
661.7,25.02
661.75,25.02
661.8,25.02
661.85,25.02
661.9,25.02
661.95,25.02
662.0,25.02
662.05,25.02
662.1,25.02
662.15,25.02
662.2,25.02
662.25,25.02
662.3,25.02
662.35,25.02
662.4,25.02
662.45,25.02
662.5,25.02
662.55,25.02
662.6,25.02
662.65,25.02
662.7,25.02
662.75,25.02
662.8,25.02
662.85,25.02
662.9,25.02
662.95,25.02
663.0,25.02
663.05,25.02
663.1,25.02
663.15,25.02
663.2,25.02
663.25,25.02
663.3,25.02
663.35,25.02
663.4,25.02
663.45,25.02
663.5,25.02
663.55,25.02
663.6,25.01
663.65,25.0
663.7,25.0
663.75,24.99
663.8,24.98
663.85,24.98
663.9,24.97
663.95,24.96
664.0,24.96
664.05,24.95
664.1,24.95
664.15,24.95
664.2,24.95
664.25,24.95
664.3,24.95
664.35,24.95
664.4,24.95
664.45,24.95
664.5,24.95
664.55,24.95
664.6,24.95
664.65,24.95
664.7,24.95
664.75,24.95
664.8,24.95
664.85,24.95
664.9,24.95
664.95,24.95
665.0,24.95
665.05,24.95
665.1,24.95
665.15,24.95
665.2,24.95
665.25,24.95
665.3,24.96
665.35,24.96
665.4,24.97
665.45,24.98
665.5,24.98
665.55,24.99
665.6,25.0
665.65,25.0
665.7,25.01
665.75,25.01
665.8,25.02
665.85,25.02
665.9,25.02
665.95,25.02
666.0,25.02
666.05,25.02
666.1,25.02
666.15,25.02
666.2,25.02
666.25,25.02
666.3,25.02
666.35,25.02
666.4,25.02
666.45,25.02
666.5,25.02
666.55,25.02
666.6,25.02
666.65,25.02
666.7,25.02
666.75,25.02
666.8,25.02
666.85,25.02
666.9,25.02
666.95,25.02
667.0,25.02
667.05,25.02
667.1,25.02
667.15,25.02
667.2,25.02
667.25,25.02
667.3,25.02
667.35,25.02
667.4,25.02
667.45,25.02
667.5,25.02
667.55,25.02
667.6,25.02
667.65,25.02
667.7,25.02
667.75,25.02
667.8,25.02
667.85,25.02
667.9,25.02
667.95,25.02
668.0,25.02
668.05,25.02
668.1,25.02
668.15,25.02
668.2,25.02
668.25,25.02
668.3,25.02
668.35,25.02
668.4,25.02
668.45,25.02
668.5,25.02
668.55,25.02
668.6,25.02
668.65,25.02
668.7,25.03
668.75,25.03
668.8,25.03
668.85,25.04
668.9,25.05
668.95,25.05
669.0,25.06
669.05,25.06
669.1,25.07
669.15,25.07
669.2,25.08
669.25,25.08
669.3,25.08
669.35,25.08
669.4,25.08
669.45,25.08
669.5,25.08
669.55,25.08
669.6,25.08
669.65,25.08
669.7,25.09
669.75,25.09
669.8,25.1
669.85,25.11
669.9,25.11
669.95,25.12
670.0,25.13
670.05,25.13
670.1,25.14
670.15,25.15
670.2,25.16
670.25,25.16
670.3,25.17
670.35,25.17
670.4,25.18
670.45,25.19
670.5,25.2
670.55,25.2
670.6,25.21
670.65,25.21
670.7,25.22
670.75,25.22
670.8,25.23
670.85,25.24
670.9,25.24
670.95,25.25
671.0,25.26
671.05,25.26
671.1,25.27
671.15,25.28
671.2,25.29
671.25,25.3
671.3,25.3
671.35,25.31
671.4,25.32
671.45,25.32
671.5,25.33
671.55,25.33
671.6,25.34
671.65,25.35
671.7,25.35
671.75,25.36
671.8,25.36
671.85,25.37
671.9,25.38
671.95,25.38
672.0,25.39
672.05,25.4
672.1,25.41
672.15,25.43
672.2,25.44
672.25,25.45
672.3,25.46
672.35,25.47
672.4,25.47
672.45,25.48
672.5,25.49
672.55,25.5
672.6,25.5
672.65,25.51
672.7,25.52
672.75,25.53
672.8,25.54
672.85,25.56
672.9,25.57
672.95,25.59
673.0,25.6
673.05,25.62
673.1,25.63
673.15,25.64
673.2,25.65
673.25,25.66
673.3,25.67
673.35,25.67
673.4,25.67
673.45,25.68
673.5,25.69
673.55,25.69
673.6,25.7
673.65,25.71
673.7,25.73
673.75,25.74
673.8,25.76
673.85,25.78
673.9,25.8
673.95,25.82
674.0,25.84
674.05,25.86
674.1,25.88
674.15,25.9
674.2,25.91
674.25,25.93
674.3,25.94
674.35,25.95
674.4,25.97
674.45,25.98
674.5,25.99
674.55,26.0
674.6,26.01
674.65,26.03
674.7,26.04
674.75,26.05
674.8,26.06
674.85,26.07
674.9,26.08
674.95,26.1
675.0,26.11
675.05,26.12
675.1,26.13
675.15,26.14
675.2,26.15
675.25,26.16
675.3,26.18
675.35,26.19
675.4,26.21
675.45,26.22
675.5,26.23
675.55,26.25
675.6,26.26
675.65,26.27
675.7,26.29
675.75,26.3
675.8,26.31
675.85,26.31
675.9,26.32
675.95,26.33
676.0,26.34
676.05,26.35
676.1,26.35
676.15,26.36
676.2,26.37
676.25,26.38
676.3,26.38
676.35,26.39
676.4,26.4
676.45,26.41
676.5,26.42
676.55,26.43
676.6,26.44
676.65,26.45
676.7,26.46
676.75,26.47
676.8,26.48
676.85,26.49
676.9,26.5
676.95,26.51
677.0,26.52
677.05,26.52
677.1,26.53
677.15,26.54
677.2,26.55
677.25,26.55
677.3,26.56
677.35,26.57
677.4,26.59
677.45,26.6
677.5,26.62
677.55,26.63
677.6,26.65
677.65,26.66
677.7,26.67
677.75,26.68
677.8,26.69
677.85,26.7
677.9,26.71
677.95,26.72
678.0,26.72
678.05,26.73
678.1,26.74
678.15,26.75
678.2,26.75
678.25,26.76
678.3,26.77
678.35,26.78
678.4,26.79
678.45,26.8
678.5,26.81
678.55,26.83
678.6,26.84
678.65,26.85
678.7,26.86
678.75,26.87
678.8,26.88
678.85,26.88
678.9,26.89
678.95,26.9
679.0,26.91
679.05,26.91
679.1,26.92
679.15,26.92
679.2,26.93
679.25,26.94
679.3,26.95
679.35,26.96
679.4,26.98
679.45,26.99
679.5,27.0
679.55,27.02
679.6,27.03
679.65,27.05
679.7,27.06
679.75,27.07
679.8,27.09
679.85,27.1
679.9,27.11
679.95,27.12
680.0,27.14
680.05,27.15
680.1,27.16
680.15,27.18
680.2,27.19
680.25,27.2
680.3,27.21
680.35,27.21
680.4,27.22
680.45,27.23
680.5,27.25
680.55,27.26
680.6,27.27
680.65,27.29
680.7,27.3
680.75,27.31
680.8,27.33
680.85,27.34
680.9,27.36
680.95,27.37
681.0,27.39
681.05,27.4
681.1,27.41
681.15,27.43
681.2,27.44
681.25,27.45
681.3,27.46
681.35,27.46
681.4,27.47
681.45,27.48
681.5,27.49
681.55,27.5
681.6,27.51
681.65,27.52
681.7,27.53
681.75,27.55
681.8,27.56
681.85,27.58
681.9,27.59
681.95,27.61
682.0,27.62
682.05,27.64
682.1,27.65
682.15,27.66
682.2,27.68
682.25,27.69
682.3,27.7
682.35,27.71
682.4,27.72
682.45,27.73
682.5,27.75
682.55,27.76
682.6,27.77
682.65,27.78
682.7,27.79
682.75,27.81
682.8,27.82
682.85,27.83
682.9,27.84
682.95,27.85
683.0,27.86
683.05,27.87
683.1,27.88
683.15,27.89
683.2,27.9
683.25,27.91
683.3,27.92
683.35,27.93
683.4,27.94
683.45,27.95
683.5,27.96
683.55,27.97
683.6,27.98
683.65,27.99
683.7,28.0
683.75,28.02
683.8,28.03
683.85,28.05
683.9,28.06
683.95,28.08
684.0,28.1
684.05,28.12
684.1,28.13
684.15,28.15
684.2,28.17
684.25,28.18
684.3,28.19
684.35,28.2
684.4,28.21
684.45,28.23
684.5,28.24
684.55,28.26
684.6,28.27
684.65,28.28
684.7,28.3
684.75,28.31
684.8,28.33
684.85,28.34
684.9,28.35
684.95,28.36
685.0,28.38
685.05,28.39
685.1,28.4
685.15,28.41
685.2,28.42
685.25,28.43
685.3,28.44
685.35,28.46
685.4,28.47
685.45,28.48
685.5,28.49
685.55,28.51
685.6,28.52
685.65,28.53
685.7,28.55
685.75,28.56
685.8,28.58
685.85,28.59
685.9,28.6
685.95,28.62
686.0,28.63
686.05,28.64
686.1,28.65
686.15,28.66
686.2,28.67
686.25,28.68
686.3,28.68
686.35,28.69
686.4,28.7
686.45,28.7
686.5,28.71
686.55,28.71
686.6,28.72
686.65,28.72
686.7,28.72
686.75,28.72
686.8,28.71
686.85,28.7
686.9,28.7
686.95,28.69
687.0,28.69
687.05,28.68
687.1,28.68
687.15,28.68
687.2,28.68
687.25,28.69
687.3,28.7
687.35,28.71
687.4,28.72
687.45,28.74
687.5,28.75
687.55,28.77
687.6,28.79
687.65,28.81
687.7,28.83
687.75,28.85
687.8,28.87
687.85,28.89
687.9,28.9
687.95,28.92
688.0,28.93
688.05,28.95
688.1,28.96
688.15,28.96
688.2,28.97
688.25,28.98
688.3,28.99
688.35,28.99
688.4,29.0
688.45,29.01
688.5,29.01
688.55,29.02
688.6,29.03
688.65,29.04
688.7,29.05
688.75,29.06
688.8,29.07
688.85,29.08
688.9,29.09
688.95,29.1
689.0,29.11
689.05,29.11
689.1,29.12
689.15,29.13
689.2,29.13
689.25,29.14
689.3,29.15
689.35,29.15
689.4,29.16
689.45,29.17
689.5,29.18
689.55,29.19
689.6,29.2
689.65,29.2
689.7,29.21
689.75,29.22
689.8,29.22
689.85,29.22
689.9,29.23
689.95,29.23
690.0,29.23
690.05,29.23
690.1,29.23
690.15,29.23
690.2,29.23
690.25,29.23
690.3,29.24
690.35,29.24
690.4,29.25
690.45,29.25
690.5,29.26
690.55,29.26
690.6,29.27
690.65,29.27
690.7,29.28
690.75,29.28
690.8,29.28
690.85,29.28
690.9,29.28
690.95,29.28
691.0,29.28
691.05,29.28
691.1,29.28
691.15,29.28
691.2,29.28
691.25,29.28
691.3,29.28
691.35,29.28
691.4,29.28
691.45,29.28
691.5,29.28
691.55,29.28
691.6,29.28
691.65,29.28
691.7,29.29
691.75,29.29
691.8,29.29
691.85,29.3
691.9,29.3
691.95,29.31
692.0,29.31
692.05,29.32
692.1,29.32
692.15,29.32
692.2,29.32
692.25,29.32
692.3,29.32
692.35,29.32
692.4,29.32
692.45,29.32
692.5,29.32
692.55,29.32
692.6,29.32
692.65,29.33
692.7,29.33
692.75,29.34
692.8,29.35
692.85,29.35
692.9,29.36
692.95,29.36
693.0,29.37
693.05,29.37
693.1,29.38
693.15,29.38
693.2,29.38
693.25,29.38
693.3,29.38
693.35,29.38
693.4,29.38
693.45,29.38
693.5,29.38
693.55,29.38
693.6,29.37
693.65,29.37
693.7,29.36
693.75,29.36
693.8,29.35
693.85,29.35
693.9,29.34
693.95,29.33
694.0,29.33
694.05,29.32
694.1,29.32
694.15,29.32
694.2,29.32
694.25,29.32
694.3,29.32
694.35,29.32
694.4,29.32
694.45,29.32
694.5,29.32
694.55,29.32
694.6,29.32
694.65,29.32
694.7,29.32
694.75,29.32
694.8,29.32
694.85,29.32
694.9,29.32
694.95,29.32
695.0,29.32
695.05,29.32
695.1,29.32
695.15,29.32
695.2,29.32
695.25,29.32
695.3,29.33
695.35,29.33
695.4,29.34
695.45,29.34
695.5,29.35
695.55,29.36
695.6,29.36
695.65,29.37
695.7,29.37
695.75,29.38
695.8,29.38
695.85,29.38
695.9,29.38
695.95,29.38
696.0,29.38
696.05,29.38
696.1,29.38
696.15,29.38
696.2,29.38
696.25,29.38
696.3,29.38
696.35,29.38
696.4,29.38
696.45,29.38
696.5,29.38
696.55,29.38
696.6,29.38
696.65,29.38
696.7,29.38
696.75,29.38
696.8,29.38
696.85,29.38
696.9,29.38
696.95,29.38
697.0,29.38
697.05,29.38
697.1,29.38
697.15,29.38
697.2,29.38
697.25,29.38
697.3,29.38
697.35,29.38
697.4,29.38
697.45,29.38
697.5,29.38
697.55,29.38
697.6,29.38
697.65,29.38
697.7,29.38
697.75,29.38
697.8,29.38
697.85,29.38
697.9,29.38
697.95,29.38
698.0,29.38
698.05,29.38
698.1,29.38
698.15,29.38
698.2,29.38
698.25,29.38
698.3,29.38
698.35,29.38
698.4,29.39
698.45,29.39
698.5,29.39
698.55,29.4
698.6,29.41
698.65,29.41
698.7,29.41
698.75,29.42
698.8,29.42
698.85,29.42
698.9,29.42
698.95,29.42
699.0,29.41
699.05,29.4
699.1,29.4
699.15,29.4
699.2,29.39
699.25,29.39
699.3,29.38
699.35,29.38
699.4,29.38
699.45,29.38
699.5,29.38
699.55,29.38
699.6,29.38
699.65,29.38
699.7,29.38
699.75,29.38
699.8,29.38
699.85,29.38
699.9,29.38
699.95,29.38
700.0,29.38
700.05,29.38
700.1,29.38
700.15,29.38
700.2,29.38
700.25,29.38
700.3,29.38
700.35,29.38
700.4,29.38
700.45,29.38
700.5,29.38
700.55,29.38
700.6,29.38
700.65,29.38
700.7,29.38
700.75,29.38
700.8,29.38
700.85,29.38
700.9,29.38
700.95,29.38
701.0,29.38
701.05,29.38
701.1,29.38
701.15,29.38
701.2,29.38
701.25,29.38
701.3,29.38
701.35,29.38
701.4,29.38
701.45,29.38
701.5,29.38
701.55,29.38
701.6,29.38
701.65,29.38
701.7,29.38
701.75,29.38
701.8,29.38
701.85,29.38
701.9,29.38
701.95,29.38
702.0,29.37
702.05,29.37
702.1,29.36
702.15,29.36
702.2,29.35
702.25,29.35
702.3,29.34
702.35,29.33
702.4,29.33
702.45,29.32
702.5,29.32
702.55,29.32
702.6,29.32
702.65,29.32
702.7,29.32
702.75,29.32
702.8,29.32
702.85,29.32
702.9,29.32
702.95,29.32
703.0,29.32
703.05,29.32
703.1,29.32
703.15,29.32
703.2,29.32
703.25,29.32
703.3,29.32
703.35,29.32
703.4,29.32
703.45,29.32
703.5,29.32
703.55,29.33
703.6,29.33
703.65,29.34
703.7,29.35
703.75,29.35
703.8,29.36
703.85,29.36
703.9,29.37
703.95,29.37
704.0,29.38
704.05,29.38
704.1,29.38
704.15,29.38
704.2,29.38
704.25,29.38
704.3,29.38
704.35,29.38
704.4,29.38
704.45,29.38
704.5,29.38
704.55,29.38
704.6,29.38
704.65,29.38
704.7,29.38
704.75,29.38
704.8,29.38
704.85,29.38
704.9,29.38
704.95,29.38
705.0,29.38
705.05,29.38
705.1,29.38
705.15,29.38
705.2,29.38
705.25,29.38
705.3,29.38
705.35,29.38
705.4,29.38
705.45,29.39
705.5,29.39
705.55,29.4
705.6,29.4
705.65,29.41
705.7,29.42
705.75,29.42
705.8,29.43
705.85,29.43
705.9,29.44
705.95,29.44
706.0,29.44
706.05,29.44
706.1,29.44
706.15,29.44
706.2,29.44
706.25,29.44
706.3,29.44
706.35,29.44
706.4,29.44
706.45,29.45
706.5,29.45
706.55,29.46
706.6,29.47
706.65,29.47
706.7,29.48
706.75,29.48
706.8,29.49
706.85,29.49
706.9,29.5
706.95,29.5
707.0,29.5
707.05,29.5
707.1,29.5
707.15,29.5
707.2,29.5
707.25,29.5
707.3,29.5
707.35,29.5
707.4,29.5
707.45,29.5
707.5,29.5
707.55,29.5
707.6,29.5
707.65,29.5
707.7,29.5
707.75,29.5
707.8,29.5
707.85,29.51
707.9,29.51
707.95,29.52
708.0,29.52
708.05,29.53
708.1,29.53
708.15,29.54
708.2,29.54
708.25,29.55
708.3,29.55
708.35,29.55
708.4,29.55
708.45,29.55
708.5,29.55
708.55,29.55
708.6,29.55
708.65,29.55
708.7,29.55
708.75,29.55
708.8,29.55
708.85,29.55
708.9,29.56
708.95,29.56
709.0,29.57
709.05,29.57
709.1,29.58
709.15,29.58
709.2,29.59
709.25,29.6
709.3,29.6
709.35,29.6
709.4,29.61
709.45,29.61
709.5,29.61
709.55,29.61
709.6,29.62
709.65,29.62
709.7,29.63
709.75,29.63
709.8,29.64
709.85,29.64
709.9,29.65
709.95,29.66
710.0,29.66
710.05,29.67
710.1,29.67
710.15,29.67
710.2,29.67
710.25,29.67
710.3,29.67
710.35,29.67
710.4,29.67
710.45,29.67
710.5,29.67
710.55,29.68
710.6,29.68
710.65,29.69
710.7,29.69
710.75,29.7
710.8,29.71
710.85,29.71
710.9,29.72
710.95,29.72
711.0,29.73
711.05,29.73
711.1,29.73
711.15,29.73
711.2,29.73
711.25,29.73
711.3,29.73
711.35,29.73
711.4,29.73
711.45,29.74
711.5,29.74
711.55,29.74
711.6,29.75
711.65,29.75
711.7,29.76
711.75,29.76
711.8,29.77
711.85,29.77
711.9,29.78
711.95,29.78
712.0,29.78
712.05,29.78
712.1,29.79
712.15,29.79
712.2,29.8
712.25,29.8
712.3,29.81
712.35,29.81
712.4,29.82
712.45,29.82
712.5,29.83
712.55,29.83
712.6,29.84
712.65,29.84
712.7,29.85
712.75,29.86
712.8,29.86
712.85,29.87
712.9,29.87
712.95,29.88
713.0,29.89
713.05,29.89
713.1,29.9
713.15,29.9
713.2,29.9
713.25,29.9
713.3,29.9
713.35,29.9
713.4,29.9
713.45,29.91
713.5,29.92
713.55,29.92
713.6,29.93
713.65,29.93
713.7,29.94
713.75,29.95
713.8,29.95
713.85,29.96
713.9,29.96
713.95,29.97
714.0,29.97
714.05,29.98
714.1,29.98
714.15,29.99
714.2,29.99
714.25,30.0
714.3,30.0
714.35,30.0
714.4,30.01
714.45,30.01
714.5,30.02
714.55,30.02
714.6,30.03
714.65,30.03
714.7,30.04
714.75,30.05
714.8,30.05
714.85,30.06
714.9,30.06
714.95,30.07
715.0,30.08
715.05,30.08
715.1,30.09
715.15,30.09
715.2,30.1
715.25,30.1
715.3,30.11
715.35,30.12
715.4,30.12
715.45,30.13
715.5,30.13
715.55,30.13
715.6,30.13
715.65,30.13
715.7,30.13
715.75,30.14
715.8,30.14
715.85,30.15
715.9,30.16
715.95,30.16
716.0,30.17
716.05,30.17
716.1,30.18
716.15,30.18
716.2,30.19
716.25,30.19
716.3,30.19
716.35,30.19
716.4,30.19
716.45,30.19
716.5,30.2
716.55,30.2
716.6,30.21
716.65,30.21
716.7,30.22
716.75,30.22
716.8,30.23
716.85,30.23
716.9,30.24
716.95,30.25
717.0,30.25
717.05,30.26
717.1,30.27
717.15,30.27
717.2,30.28
717.25,30.28
717.3,30.29
717.35,30.3
717.4,30.3
717.45,30.3
717.5,30.3
717.55,30.3
717.6,30.3
717.65,30.3
717.7,30.3
717.75,30.3
717.8,30.3
717.85,30.3
717.9,30.31
717.95,30.31
718.0,30.32
718.05,30.32
718.1,30.33
718.15,30.33
718.2,30.34
718.25,30.35
718.3,30.35
718.35,30.35
718.4,30.36
718.45,30.36
718.5,30.36
718.55,30.36
718.6,30.36
718.65,30.37
718.7,30.37
718.75,30.38
718.8,30.38
718.85,30.39
718.9,30.39
718.95,30.4
719.0,30.4
719.05,30.41
719.1,30.41
719.15,30.41
719.2,30.41
719.25,30.41
719.3,30.41
719.35,30.41
719.4,30.41
719.45,30.41
719.5,30.41
719.55,30.41
719.6,30.41
719.65,30.41
719.7,30.41
719.75,30.41
719.8,30.41
719.85,30.42
719.9,30.42
719.95,30.43
720.0,30.43
720.05,30.44
720.1,30.45
720.15,30.45
720.2,30.46
720.25,30.46
720.3,30.47
720.35,30.47
720.4,30.47
720.45,30.47
720.5,30.47
720.55,30.47
720.6,30.47
720.65,30.47
720.7,30.47
720.75,30.47
720.8,30.47
720.85,30.47
720.9,30.47
720.95,30.47
721.0,30.47
721.05,30.47
721.1,30.47
721.15,30.47
721.2,30.47
721.25,30.47
721.3,30.47
721.35,30.47
721.4,30.47
721.45,30.47
721.5,30.47
721.55,30.47
721.6,30.47
721.65,30.47
721.7,30.47
721.75,30.47
721.8,30.47
721.85,30.47
721.9,30.47
721.95,30.47
722.0,30.47
722.05,30.47
722.1,30.47
722.15,30.47
722.2,30.48
722.25,30.48
722.3,30.48
722.35,30.49
722.4,30.49
722.45,30.5
722.5,30.5
722.55,30.51
722.6,30.51
722.65,30.52
722.7,30.52
722.75,30.52
722.8,30.52
722.85,30.52
722.9,30.52
722.95,30.52
723.0,30.52
723.05,30.52
723.1,30.52
723.15,30.52
723.2,30.52
723.25,30.52
723.3,30.52
723.35,30.52
723.4,30.52
723.45,30.52
723.5,30.52
723.55,30.52
723.6,30.52
723.65,30.52
723.7,30.52
723.75,30.52
723.8,30.52
723.85,30.52
723.9,30.52
723.95,30.52
724.0,30.52
724.05,30.52
724.1,30.52
724.15,30.52
724.2,30.52
724.25,30.52
724.3,30.52
724.35,30.52
724.4,30.52
724.45,30.52
724.5,30.52
724.55,30.52
724.6,30.52
724.65,30.52
724.7,30.52
724.75,30.52
724.8,30.52
724.85,30.52
724.9,30.52
724.95,30.52
725.0,30.52
725.05,30.52
725.1,30.52
725.15,30.52
725.2,30.52
725.25,30.52
725.3,30.52
725.35,30.52
725.4,30.52
725.45,30.52
725.5,30.52
725.55,30.52
725.6,30.52
725.65,30.52
725.7,30.52
725.75,30.52
725.8,30.52
725.85,30.52
725.9,30.52
725.95,30.52
726.0,30.52
726.05,30.52
726.1,30.52
726.15,30.52
726.2,30.52
726.25,30.52
726.3,30.52
726.35,30.52
726.4,30.52
726.45,30.52
726.5,30.52
726.55,30.52
726.6,30.52
726.65,30.52
726.7,30.52
726.75,30.52
726.8,30.52
726.85,30.52
726.9,30.52
726.95,30.52
727.0,30.52
727.05,30.52
727.1,30.52
727.15,30.52
727.2,30.52
727.25,30.52
727.3,30.52
727.35,30.52
727.4,30.52
727.45,30.52
727.5,30.52
727.55,30.52
727.6,30.52
727.65,30.51
727.7,30.51
727.75,30.51
727.8,30.51
727.85,30.5
727.9,30.5
727.95,30.5
728.0,30.49
728.05,30.49
728.1,30.49
728.15,30.49
728.2,30.49
728.25,30.48
728.3,30.47
728.35,30.47
728.4,30.46
728.45,30.46
728.5,30.45
728.55,30.44
728.6,30.44
728.65,30.43
728.7,30.43
728.75,30.43
728.8,30.43
728.85,30.43
728.9,30.43
728.95,30.43
729.0,30.43
729.05,30.43
729.1,30.43
729.15,30.43
729.2,30.43
729.25,30.43
729.3,30.43
729.35,30.43
729.4,30.43
729.45,30.43
729.5,30.43
729.55,30.43
729.6,30.43
729.65,30.43
729.7,30.43
729.75,30.43
729.8,30.43
729.85,30.43
729.9,30.43
729.95,30.43
730.0,30.43
730.05,30.43
730.1,30.43
730.15,30.43
730.2,30.43
730.25,30.43
730.3,30.43
730.35,30.43
730.4,30.43
730.45,30.43
730.5,30.43
730.55,30.43
730.6,30.43
730.65,30.43
730.7,30.43
730.75,30.43
730.8,30.43
730.85,30.42
730.9,30.42
730.95,30.41
731.0,30.41
731.05,30.4
731.1,30.4
731.15,30.39
731.2,30.39
731.25,30.38
731.3,30.38
731.35,30.38
731.4,30.38
731.45,30.38
731.5,30.38
731.55,30.38
731.6,30.38
731.65,30.38
731.7,30.38
731.75,30.38
731.8,30.38
731.85,30.38
731.9,30.38
731.95,30.38
732.0,30.38
732.05,30.38
732.1,30.38
732.15,30.38
732.2,30.38
732.25,30.38
732.3,30.38
732.35,30.39
732.4,30.39
732.45,30.4
732.5,30.4
732.55,30.41
732.6,30.41
732.65,30.41
732.7,30.41
732.75,30.41
732.8,30.41
732.85,30.41
732.9,30.41
732.95,30.41
733.0,30.41
733.05,30.41
733.1,30.41
733.15,30.41
733.2,30.42
733.25,30.42
733.3,30.43
733.35,30.43
733.4,30.43
733.45,30.43
733.5,30.43
733.55,30.43
733.6,30.43
733.65,30.43
733.7,30.43
733.75,30.43
733.8,30.43
733.85,30.43
733.9,30.43
733.95,30.43
734.0,30.43
734.05,30.43
734.1,30.43
734.15,30.43
734.2,30.43
734.25,30.43
734.3,30.43
734.35,30.43
734.4,30.43
734.45,30.43
734.5,30.43
734.55,30.43
734.6,30.43
734.65,30.43
734.7,30.43
734.75,30.43
734.8,30.43
734.85,30.43
734.9,30.43
734.95,30.43
735.0,30.43
735.05,30.43
735.1,30.43
735.15,30.43
735.2,30.43
735.25,30.43
735.3,30.43
735.35,30.43
735.4,30.43
735.45,30.43
735.5,30.43
735.55,30.43
735.6,30.43
735.65,30.43
735.7,30.43
735.75,30.43
735.8,30.43
735.85,30.43
735.9,30.43
735.95,30.43
736.0,30.43
736.05,30.43
736.1,30.43
736.15,30.43
736.2,30.43
736.25,30.43
736.3,30.43
736.35,30.43
736.4,30.43
736.45,30.43
736.5,30.42
736.55,30.42
736.6,30.41
736.65,30.41
736.7,30.4
736.75,30.4
736.8,30.39
736.85,30.39
736.9,30.38
736.95,30.38
737.0,30.38
737.05,30.38
737.1,30.38
737.15,30.38
737.2,30.38
737.25,30.38
737.3,30.38
737.35,30.38
737.4,30.38
737.45,30.38
737.5,30.38
737.55,30.38
737.6,30.38
737.65,30.38
737.7,30.38
737.75,30.38
737.8,30.38
737.85,30.38
737.9,30.38
737.95,30.38
738.0,30.38
738.05,30.38
738.1,30.38
738.15,30.38
738.2,30.38
738.25,30.38
738.3,30.38
738.35,30.38
738.4,30.38
738.45,30.38
738.5,30.38
738.55,30.38
738.6,30.38
738.65,30.38
738.7,30.38
738.75,30.38
738.8,30.38
738.85,30.38
738.9,30.37
738.95,30.37
739.0,30.36
739.05,30.35
739.1,30.35
739.15,30.34
739.2,30.34
739.25,30.33
739.3,30.32
739.35,30.32
739.4,30.32
739.45,30.32
739.5,30.32
739.55,30.32
739.6,30.32
739.65,30.32
739.7,30.32
739.75,30.32
739.8,30.32
739.85,30.32
739.9,30.32
739.95,30.32
740.0,30.32
740.05,30.32
740.1,30.32
740.15,30.32
740.2,30.32
740.25,30.32
740.3,30.32
740.35,30.32
740.4,30.32
740.45,30.32
740.5,30.32
740.55,30.32
740.6,30.32
740.65,30.32
740.7,30.32
740.75,30.32
740.8,30.32
740.85,30.32
740.9,30.32
740.95,30.32
741.0,30.32
741.05,30.32
741.1,30.32
741.15,30.32
741.2,30.31
741.25,30.31
741.3,30.31
741.35,30.3
741.4,30.29
741.45,30.29
741.5,30.28
741.55,30.28
741.6,30.27
741.65,30.27
741.7,30.26
741.75,30.26
741.8,30.26
741.85,30.26
741.9,30.26
741.95,30.26
742.0,30.26
742.05,30.26
742.1,30.26
742.15,30.26
742.2,30.26
742.25,30.26
742.3,30.26
742.35,30.26
742.4,30.26
742.45,30.26
742.5,30.26
742.55,30.26
742.6,30.26
742.65,30.26
742.7,30.26
742.75,30.26
742.8,30.26
742.85,30.26
742.9,30.25
742.95,30.25
743.0,30.25
743.05,30.24
743.1,30.24
743.15,30.23
743.2,30.23
743.25,30.22
743.3,30.22
743.35,30.21
743.4,30.21
743.45,30.21
743.5,30.21
743.55,30.21
743.6,30.21
743.65,30.21
743.7,30.21
743.75,30.21
743.8,30.21
743.85,30.21
743.9,30.21
743.95,30.21
744.0,30.2
744.05,30.2
744.1,30.19
744.15,30.19
744.2,30.18
744.25,30.18
744.3,30.17
744.35,30.16
744.4,30.16
744.45,30.16
744.5,30.15
744.55,30.15
744.6,30.15
744.65,30.15
744.7,30.15
744.75,30.14
744.8,30.14
744.85,30.13
744.9,30.13
744.95,30.12
745.0,30.11
745.05,30.11
745.1,30.1
745.15,30.1
745.2,30.09
745.25,30.09
745.3,30.09
745.35,30.09
745.4,30.09
745.45,30.09
745.5,30.08
745.55,30.08
745.6,30.08
745.65,30.07
745.7,30.07
745.75,30.06
745.8,30.06
745.85,30.05
745.9,30.05
745.95,30.05
746.0,30.04
746.05,30.04
746.1,30.03
746.15,30.03
746.2,30.03
746.25,30.02
746.3,30.01
746.35,30.01
746.4,30.0
746.45,30.0
746.5,29.99
746.55,29.98
746.6,29.98
746.65,29.97
746.7,29.96
746.75,29.95
746.8,29.95
746.85,29.94
746.9,29.94
746.95,29.93
747.0,29.93
747.05,29.92
747.1,29.92
747.15,29.91
747.2,29.91
747.25,29.91
747.3,29.9
747.35,29.9
747.4,29.89
747.45,29.88
747.5,29.88
747.55,29.87
747.6,29.87
747.65,29.87
747.7,29.86
747.75,29.86
747.8,29.86
747.85,29.86
747.9,29.86
747.95,29.86
748.0,29.86
748.05,29.86
748.1,29.86
748.15,29.86
748.2,29.86
748.25,29.85
748.3,29.85
748.35,29.85
748.4,29.84
748.45,29.84
748.5,29.83
748.55,29.83
748.6,29.82
748.65,29.82
748.7,29.82
748.75,29.81
748.8,29.81
748.85,29.81
748.9,29.81
748.95,29.81
749.0,29.81
749.05,29.81
749.1,29.81
749.15,29.81
749.2,29.81
749.25,29.81
749.3,29.81
749.35,29.81
749.4,29.81
749.45,29.81
749.5,29.81
749.55,29.81
749.6,29.81
749.65,29.81
749.7,29.81
749.75,29.81
749.8,29.81
749.85,29.81
749.9,29.81
749.95,29.81
750.0,29.81
750.05,29.81
750.1,29.81
750.15,29.81
750.2,29.81
750.25,29.81
750.3,29.81
750.35,29.82
750.4,29.82
750.45,29.83
750.5,29.83
750.55,29.84
750.6,29.84
750.65,29.85
750.7,29.85
750.75,29.86
750.8,29.86
750.85,29.86
750.9,29.86
750.95,29.86
751.0,29.86
751.05,29.87
751.1,29.88
751.15,29.89
751.2,29.9
751.25,29.91
751.3,29.93
751.35,29.94
751.4,29.95
751.45,29.96
751.5,29.97
751.55,29.98
751.6,29.98
751.65,29.98
751.7,29.98
751.75,29.98
751.8,29.98
751.85,29.98
751.9,29.98
751.95,29.98
752.0,29.98
752.05,29.98
752.1,29.98
752.15,29.98
752.2,29.99
752.25,29.99
752.3,30.0
752.35,30.0
752.4,30.01
752.45,30.02
752.5,30.02
752.55,30.03
752.6,30.03
752.65,30.04
752.7,30.04
752.75,30.04
752.8,30.04
752.85,30.04
752.9,30.04
752.95,30.04
753.0,30.05
753.05,30.05
753.1,30.06
753.15,30.06
753.2,30.07
753.25,30.07
753.3,30.08
753.35,30.08
753.4,30.09
753.45,30.1
753.5,30.1
753.55,30.11
753.6,30.11
753.65,30.12
753.7,30.13
753.75,30.13
753.8,30.14
753.85,30.14
753.9,30.15
753.95,30.16
754.0,30.16
754.05,30.17
754.1,30.17
754.15,30.18
754.2,30.19
754.25,30.19
754.3,30.2
754.35,30.21
754.4,30.22
754.45,30.23
754.5,30.24
754.55,30.25
754.6,30.26
754.65,30.27
754.7,30.28
754.75,30.29
754.8,30.3
754.85,30.31
754.9,30.31
754.95,30.32
755.0,30.33
755.05,30.33
755.1,30.34
755.15,30.34
755.2,30.35
755.25,30.35
755.3,30.36
755.35,30.36
755.4,30.37
755.45,30.37
755.5,30.38
755.55,30.39
755.6,30.39
755.65,30.4
755.7,30.41
755.75,30.43
755.8,30.44
755.85,30.45
755.9,30.46
755.95,30.47
756.0,30.48
756.05,30.49
756.1,30.51
756.15,30.51
756.2,30.52
756.25,30.53
756.3,30.54
756.35,30.55
756.4,30.56
756.45,30.57
756.5,30.58
756.55,30.59
756.6,30.6
756.65,30.61
756.7,30.62
756.75,30.63
756.8,30.65
756.85,30.66
756.9,30.67
756.95,30.68
757.0,30.69
757.05,30.7
757.1,30.71
757.15,30.72
757.2,30.73
757.25,30.74
757.3,30.75
757.35,30.76
757.4,30.77
757.45,30.79
757.5,30.8
757.55,30.81
757.6,30.82
757.65,30.83
757.7,30.84
757.75,30.85
757.8,30.86
757.85,30.87
757.9,30.88
757.95,30.9
758.0,30.92
758.05,30.93
758.1,30.95
758.15,30.96
758.2,30.97
758.25,30.99
758.3,31.0
758.35,31.01
758.4,31.01
758.45,31.02
758.5,31.03
758.55,31.04
758.6,31.05
758.65,31.06
758.7,31.07
758.75,31.08
758.8,31.09
758.85,31.1
758.9,31.11
758.95,31.12
759.0,31.13
759.05,31.14
759.1,31.15
759.15,31.16
759.2,31.17
759.25,31.18
759.3,31.19
759.35,31.2
759.4,31.21
759.45,31.22
759.5,31.24
759.55,31.25
759.6,31.27
759.65,31.29
759.7,31.3
759.75,31.32
759.8,31.34
759.85,31.36
759.9,31.38
759.95,31.4
760.0,31.42
760.05,31.44
760.1,31.46
760.15,31.47
760.2,31.49
760.25,31.51
760.3,31.53
760.35,31.55
760.4,31.57
760.45,31.58
760.5,31.6
760.55,31.61
760.6,31.63
760.65,31.64
760.7,31.65
760.75,31.67
760.8,31.68
760.85,31.69
760.9,31.7
760.95,31.71
761.0,31.72
761.05,31.73
761.1,31.74
761.15,31.75
761.2,31.76
761.25,31.77
761.3,31.78
761.35,31.8
761.4,31.81
761.45,31.83
761.5,31.85
761.55,31.87
761.6,31.88
761.65,31.9
761.7,31.92
761.75,31.93
761.8,31.95
761.85,31.96
761.9,31.97
761.95,31.98
762.0,31.99
762.05,32.0
762.1,32.0
762.15,32.01
762.2,32.02
762.25,32.03
762.3,32.04
762.35,32.05
762.4,32.06
762.45,32.08
762.5,32.1
762.55,32.11
762.6,32.13
762.65,32.15
762.7,32.17
762.75,32.18
762.8,32.2
762.85,32.22
762.9,32.23
762.95,32.24
763.0,32.25
763.05,32.27
763.1,32.28
763.15,32.29
763.2,32.31
763.25,32.33
763.3,32.34
763.35,32.36
763.4,32.38
763.45,32.39
763.5,32.41
763.55,32.43
763.6,32.44
763.65,32.46
763.7,32.47
763.75,32.48
763.8,32.49
763.85,32.5
763.9,32.51
763.95,32.52
764.0,32.53
764.05,32.54
764.1,32.54
764.15,32.55
764.2,32.56
764.25,32.57
764.3,32.58
764.35,32.59
764.4,32.6
764.45,32.62
764.5,32.63
764.55,32.65
764.6,32.67
764.65,32.68
764.7,32.7
764.75,32.72
764.8,32.74
764.85,32.76
764.9,32.78
764.95,32.79
765.0,32.81
765.05,32.83
765.1,32.84
765.15,32.86
765.2,32.88
765.25,32.89
765.3,32.91
765.35,32.92
765.4,32.93
765.45,32.95
765.5,32.96
765.55,32.97
765.6,32.98
765.65,32.99
765.7,33.0
765.75,33.02
765.8,33.03
765.85,33.05
765.9,33.06
765.95,33.08
766.0,33.1
766.05,33.11
766.1,33.13
766.15,33.14
766.2,33.16
766.25,33.17
766.3,33.18
766.35,33.19
766.4,33.2
766.45,33.2
766.5,33.21
766.55,33.22
766.6,33.23
766.65,33.24
766.7,33.25
766.75,33.26
766.8,33.27
766.85,33.29
766.9,33.3
766.95,33.31
767.0,33.33
767.05,33.34
767.1,33.35
767.15,33.37
767.2,33.38
767.25,33.4
767.3,33.42
767.35,33.43
767.4,33.45
767.45,33.47
767.5,33.48
767.55,33.5
767.6,33.51
767.65,33.53
767.7,33.54
767.75,33.55
767.8,33.56
767.85,33.56
767.9,33.57
767.95,33.58
768.0,33.59
768.05,33.6
768.1,33.61
768.15,33.63
768.2,33.64
768.25,33.66
768.3,33.67
768.35,33.7
768.4,33.71
768.45,33.73
768.5,33.74
768.55,33.75
768.6,33.76
768.65,33.77
768.7,33.78
768.75,33.78
768.8,33.79
768.85,33.79
768.9,33.8
768.95,33.8
769.0,33.82
769.05,33.83
769.1,33.84
769.15,33.85
769.2,33.87
769.25,33.88
769.3,33.89
769.35,33.9
769.4,33.92
769.45,33.93
769.5,33.95
769.55,33.96
769.6,33.98
769.65,33.99
769.7,34.0
769.75,34.01
769.8,34.03
769.85,34.04
769.9,34.05
769.95,34.06
770.0,34.07
770.05,34.08
770.1,34.09
770.15,34.1
770.2,34.12
770.25,34.13
770.3,34.14
770.35,34.15
770.4,34.16
770.45,34.17
770.5,34.18
770.55,34.19
770.6,34.2
770.65,34.22
770.7,34.23
770.75,34.24
770.8,34.25
770.85,34.27
770.9,34.28
770.95,34.29
771.0,34.31
771.05,34.32
771.1,34.34
771.15,34.36
771.2,34.37
771.25,34.38
771.3,34.39
771.35,34.4
771.4,34.41
771.45,34.42
771.5,34.43
771.55,34.44
771.6,34.46
771.65,34.47
771.7,34.48
771.75,34.5
771.8,34.51
771.85,34.53
771.9,34.54
771.95,34.56
772.0,34.57
772.05,34.58
772.1,34.59
772.15,34.6
772.2,34.61
772.25,34.62
772.3,34.63
772.35,34.64
772.4,34.65
772.45,34.67
772.5,34.68
772.55,34.69
772.6,34.7
772.65,34.71
772.7,34.72
772.75,34.73
772.8,34.74
772.85,34.75
772.9,34.76
772.95,34.77
773.0,34.78
773.05,34.79
773.1,34.8
773.15,34.81
773.2,34.81
773.25,34.82
773.3,34.83
773.35,34.83
773.4,34.84
773.45,34.85
773.5,34.85
773.55,34.86
773.6,34.87
773.65,34.88
773.7,34.89
773.75,34.9
773.8,34.91
773.85,34.92
773.9,34.93
773.95,34.94
774.0,34.95
774.05,34.96
774.1,34.96
774.15,34.97
774.2,34.98
774.25,34.99
774.3,34.99
774.35,35.0
774.4,35.0
774.45,35.0
774.5,35.01
774.55,35.01
774.6,35.02
774.65,35.02
774.7,35.03
774.75,35.04
774.8,35.05
774.85,35.06
774.9,35.07
774.95,35.08
775.0,35.08
775.05,35.09
775.1,35.1
775.15,35.1
775.2,35.11
775.25,35.12
775.3,35.12
775.35,35.13
775.4,35.13
775.45,35.14
775.5,35.14
775.55,35.15
775.6,35.15
775.65,35.15
775.7,35.16
775.75,35.16
775.8,35.16
775.85,35.16
775.9,35.16
775.95,35.16
776.0,35.16
776.05,35.16
776.1,35.17
776.15,35.17
776.2,35.18
776.25,35.18
776.3,35.19
776.35,35.19
776.4,35.2
776.45,35.2
776.5,35.21
776.55,35.21
776.6,35.21
776.65,35.21
776.7,35.21
776.75,35.21
776.8,35.21
776.85,35.21
776.9,35.21
776.95,35.21
777.0,35.21
777.05,35.21
777.1,35.21
777.15,35.21
777.2,35.21
777.25,35.21
777.3,35.21
777.35,35.21
777.4,35.21
777.45,35.21
777.5,35.21
777.55,35.21
777.6,35.21
777.65,35.21
777.7,35.21
777.75,35.21
777.8,35.21
777.85,35.21
777.9,35.21
777.95,35.21
778.0,35.21
778.05,35.21
778.1,35.21
778.15,35.21
778.2,35.21
778.25,35.21
778.3,35.21
778.35,35.21
778.4,35.21
778.45,35.21
778.5,35.21
778.55,35.21
778.6,35.21
778.65,35.21
778.7,35.2
778.75,35.2
778.8,35.19
778.85,35.19
778.9,35.18
778.95,35.18
779.0,35.17
779.05,35.17
779.1,35.16
779.15,35.16
779.2,35.16
779.25,35.16
779.3,35.16
779.35,35.16
779.4,35.16
779.45,35.16
779.5,35.16
779.55,35.16
779.6,35.16
779.65,35.16
779.7,35.16
779.75,35.16
779.8,35.16
779.85,35.16
779.9,35.16
779.95,35.16
780.0,35.16
780.05,35.16
780.1,35.16
780.15,35.16
780.2,35.16
780.25,35.16
780.3,35.16
780.35,35.16
780.4,35.16
780.45,35.16
780.5,35.16
780.55,35.16
780.6,35.16
780.65,35.16
780.7,35.16
780.75,35.16
780.8,35.16
780.85,35.16
780.9,35.16
780.95,35.16
781.0,35.16
781.05,35.16
781.1,35.16
781.15,35.16
781.2,35.16
781.25,35.16
781.3,35.16
781.35,35.16
781.4,35.16
781.45,35.16
781.5,35.16
781.55,35.16
781.6,35.16
781.65,35.16
781.7,35.16
781.75,35.16
781.8,35.16
781.85,35.16
781.9,35.16
781.95,35.16
782.0,35.16
782.05,35.16
782.1,35.16
782.15,35.16
782.2,35.16
782.25,35.16
782.3,35.16
782.35,35.16
782.4,35.16
782.45,35.16
782.5,35.16
782.55,35.16
782.6,35.16
782.65,35.16
782.7,35.16
782.75,35.16
782.8,35.16
782.85,35.16
782.9,35.16
782.95,35.16
783.0,35.16
783.05,35.16
783.1,35.16
783.15,35.16
783.2,35.16
783.25,35.15
783.3,35.15
783.35,35.14
783.4,35.14
783.45,35.13
783.5,35.13
783.55,35.12
783.6,35.12
783.65,35.11
783.7,35.11
783.75,35.11
783.8,35.11
783.85,35.11
783.9,35.11
783.95,35.11
784.0,35.11
784.05,35.11
784.1,35.11
784.15,35.11
784.2,35.11
784.25,35.11
784.3,35.11
784.35,35.11
784.4,35.11
784.45,35.11
784.5,35.11
784.55,35.11
784.6,35.11
784.65,35.11
784.7,35.11
784.75,35.11
784.8,35.11
784.85,35.11
784.9,35.11
784.95,35.11
785.0,35.11
785.05,35.11
785.1,35.12
785.15,35.12
785.2,35.12
785.25,35.12
785.3,35.12
785.35,35.12
785.4,35.12
785.45,35.12
785.5,35.12
785.55,35.11
785.6,35.11
785.65,35.1
785.7,35.1
785.75,35.09
785.8,35.09
785.85,35.08
785.9,35.08
785.95,35.08
786.0,35.08
786.05,35.08
786.1,35.08
786.15,35.08
786.2,35.08
786.25,35.08
786.3,35.08
786.35,35.08
786.4,35.08
786.45,35.08
786.5,35.08
786.55,35.08
786.6,35.08
786.65,35.08
786.7,35.08
786.75,35.08
786.8,35.08
786.85,35.08
786.9,35.08
786.95,35.08
787.0,35.08
787.05,35.08
787.1,35.07
787.15,35.07
787.2,35.07
787.25,35.06
787.3,35.06
787.35,35.05
787.4,35.05
787.45,35.04
787.5,35.04
787.55,35.03
787.6,35.03
787.65,35.03
787.7,35.03
787.75,35.03
787.8,35.03
787.85,35.03
787.9,35.03
787.95,35.03
788.0,35.03
788.05,35.03
788.1,35.03
788.15,35.03
788.2,35.03
788.25,35.03
788.3,35.03
788.35,35.03
788.4,35.03
788.45,35.03
788.5,35.03
788.55,35.03
788.6,35.03
788.65,35.03
788.7,35.03
788.75,35.03
788.8,35.03
788.85,35.03
788.9,35.02
788.95,35.02
789.0,35.01
789.05,35.01
789.1,35.0
789.15,35.0
789.2,34.99
789.25,34.99
789.3,34.98
789.35,34.98
789.4,34.98
789.45,34.98
789.5,34.98
789.55,34.98
789.6,34.98
789.65,34.98
789.7,34.98
789.75,34.98
789.8,34.98
789.85,34.98
789.9,34.98
789.95,34.98
790.0,34.98
790.05,34.98
790.1,34.98
790.15,34.98
790.2,34.98
790.25,34.98
790.3,34.98
790.35,34.97
790.4,34.97
790.45,34.96
790.5,34.96
790.55,34.95
790.6,34.95
790.65,34.94
790.7,34.94
790.75,34.94
790.8,34.93
790.85,34.93
790.9,34.93
790.95,34.93
791.0,34.93
791.05,34.93
791.1,34.93
791.15,34.93
791.2,34.93
791.25,34.93
791.3,34.93
791.35,34.93
791.4,34.93
791.45,34.93
791.5,34.93
791.55,34.92
791.6,34.92
791.65,34.92
791.7,34.92
791.75,34.92
791.8,34.92
791.85,34.92
791.9,34.92
791.95,34.92
792.0,34.92
792.05,34.92
792.1,34.92
792.15,34.92
792.2,34.91
792.25,34.91
792.3,34.91
792.35,34.91
792.4,34.91
792.45,34.91
792.5,34.91
792.55,34.91
792.6,34.91
792.65,34.91
792.7,34.91
792.75,34.91
792.8,34.91
792.85,34.9
792.9,34.9
792.95,34.9
793.0,34.9
793.05,34.9
793.1,34.9
793.15,34.9
793.2,34.9
793.25,34.9
793.3,34.9
793.35,34.9
793.4,34.9
793.45,34.9
793.5,34.89
793.55,34.89
793.6,34.89
793.65,34.89
793.7,34.89
793.75,34.89
793.8,34.89
793.85,34.89
793.9,34.89
793.95,34.89
794.0,34.89
794.05,34.89
794.1,34.89
794.15,34.89
794.2,34.88
794.25,34.88
794.3,34.88
794.35,34.88
794.4,34.88
794.45,34.88
794.5,34.88
794.55,34.88
794.6,34.88
794.65,34.88
794.7,34.88
794.75,34.88
794.8,34.88
794.85,34.88
794.9,34.88
794.95,34.89
795.0,34.89
795.05,34.9
795.1,34.9
795.15,34.91
795.2,34.91
795.25,34.92
795.3,34.92
795.35,34.93
795.4,34.93
795.45,34.93
795.5,34.94
795.55,34.94
795.6,34.95
795.65,34.95
795.7,34.96
795.75,34.96
795.8,34.97
795.85,34.97
795.9,34.97
795.95,34.98
796.0,34.98
796.05,34.98
796.1,34.98
796.15,34.99
796.2,34.99
796.25,34.99
796.3,35.0
796.35,35.0
796.4,35.01
796.45,35.01
796.5,35.02
796.55,35.02
796.6,35.03
796.65,35.04
796.7,35.04
796.75,35.05
796.8,35.05
796.85,35.06
796.9,35.06
796.95,35.07
797.0,35.07
797.05,35.08
797.1,35.08
797.15,35.09
797.2,35.1
797.25,35.1
797.3,35.11
797.35,35.11
797.4,35.12
797.45,35.12
797.5,35.13
797.55,35.13
797.6,35.14
797.65,35.14
797.7,35.15
797.75,35.15
797.8,35.16
797.85,35.16
797.9,35.17
797.95,35.17
798.0,35.18
798.05,35.19
798.1,35.2
798.15,35.2
798.2,35.21
798.25,35.22
798.3,35.23
798.35,35.24
798.4,35.25
798.45,35.26
798.5,35.27
798.55,35.28
798.6,35.29
798.65,35.29
798.7,35.3
798.75,35.31
798.8,35.32
798.85,35.33
798.9,35.34
798.95,35.34
799.0,35.35
799.05,35.36
799.1,35.36
799.15,35.37
799.2,35.38
799.25,35.38
799.3,35.39
799.35,35.39
799.4,35.4
799.45,35.41
799.5,35.42
799.55,35.43
799.6,35.44
799.65,35.45
799.7,35.46
799.75,35.47
799.8,35.48
799.85,35.49
799.9,35.5
799.95,35.52
800.0,35.53
800.05,35.54
800.1,35.55
800.15,35.56
800.2,35.57
800.25,35.58
800.3,35.58
800.35,35.59
800.4,35.6
800.45,35.61
800.5,35.62
800.55,35.63
800.6,35.64
800.65,35.65
800.7,35.66
800.75,35.67
800.8,35.68
800.85,35.69
800.9,35.7
800.95,35.71
801.0,35.71
801.05,35.72
801.1,35.73
801.15,35.74
801.2,35.75
801.25,35.76
801.3,35.77
801.35,35.78
801.4,35.79
801.45,35.81
801.5,35.82
801.55,35.83
801.6,35.85
801.65,35.86
801.7,35.87
801.75,35.88
801.8,35.89
801.85,35.91
801.9,35.92
801.95,35.93
802.0,35.94
802.05,35.96
802.1,35.97
802.15,35.98
802.2,36.0
802.25,36.01
802.3,36.02
802.35,36.03
802.4,36.04
802.45,36.05
802.5,36.06
802.55,36.07
802.6,36.08
802.65,36.09
802.7,36.1
802.75,36.11
802.8,36.12
802.85,36.13
802.9,36.15
802.95,36.16
803.0,36.17
803.05,36.18
803.1,36.19
803.15,36.21
803.2,36.22
803.25,36.23
803.3,36.25
803.35,36.26
803.4,36.28
803.45,36.3
803.5,36.31
803.55,36.33
803.6,36.35
803.65,36.37
803.7,36.39
803.75,36.41
803.8,36.43
803.85,36.44
803.9,36.46
803.95,36.47
804.0,36.49
804.05,36.5
804.1,36.51
804.15,36.52
804.2,36.54
804.25,36.55
804.3,36.57
804.35,36.59
804.4,36.6
804.45,36.62
804.5,36.63
804.55,36.65
804.6,36.66
804.65,36.67
804.7,36.68
804.75,36.69
804.8,36.7
804.85,36.71
804.9,36.72
804.95,36.73
805.0,36.74
805.05,36.76
805.1,36.77
805.15,36.79
805.2,36.8
805.25,36.82
805.3,36.84
805.35,36.85
805.4,36.87
805.45,36.88
805.5,36.9
805.55,36.92
805.6,36.93
805.65,36.95
805.7,36.96
805.75,36.98
805.8,36.99
805.85,37.0
805.9,37.02
805.95,37.03
806.0,37.05
806.05,37.06
806.1,37.08
806.15,37.09
806.2,37.1
806.25,37.12
806.3,37.13
806.35,37.14
806.4,37.15
806.45,37.16
806.5,37.17
806.55,37.19
806.6,37.21
806.65,37.22
806.7,37.24
806.75,37.26
806.8,37.27
806.85,37.29
806.9,37.3
806.95,37.32
807.0,37.34
807.05,37.35
807.1,37.37
807.15,37.38
807.2,37.4
807.25,37.42
807.3,37.44
807.35,37.45
807.4,37.47
807.45,37.49
807.5,37.51
807.55,37.53
807.6,37.54
807.65,37.56
807.7,37.57
807.75,37.59
807.8,37.6
807.85,37.61
807.9,37.63
807.95,37.64
808.0,37.65
808.05,37.66
808.1,37.67
808.15,37.68
808.2,37.69
808.25,37.71
808.3,37.72
808.35,37.73
808.4,37.75
808.45,37.76
808.5,37.78
808.55,37.79
808.6,37.8
808.65,37.81
808.7,37.82
808.75,37.83
808.8,37.84
808.85,37.85
808.9,37.85
808.95,37.86
809.0,37.87
809.05,37.88
809.1,37.89
809.15,37.9
809.2,37.92
809.25,37.93
809.3,37.94
809.35,37.95
809.4,37.97
809.45,37.98
809.5,38.0
809.55,38.01
809.6,38.03
809.65,38.04
809.7,38.06
809.75,38.07
809.8,38.09
809.85,38.1
809.9,38.11
809.95,38.13
810.0,38.14
810.05,38.16
810.1,38.18
810.15,38.19
810.2,38.21
810.25,38.22
810.3,38.23
810.35,38.24
810.4,38.26
810.45,38.27
810.5,38.28
810.55,38.29
810.6,38.3
810.65,38.31
810.7,38.32
810.75,38.33
810.8,38.35
810.85,38.36
810.9,38.37
810.95,38.39
811.0,38.4
811.05,38.42
811.1,38.43
811.15,38.45
811.2,38.47
811.25,38.49
811.3,38.51
811.35,38.53
811.4,38.54
811.45,38.56
811.5,38.58
811.55,38.59
811.6,38.6
811.65,38.61
811.7,38.62
811.75,38.63
811.8,38.64
811.85,38.65
811.9,38.66
811.95,38.67
812.0,38.69
812.05,38.7
812.1,38.72
812.15,38.74
812.2,38.76
812.25,38.78
812.3,38.81
812.35,38.83
812.4,38.86
812.45,38.88
812.5,38.91
812.55,38.93
812.6,38.95
812.65,38.96
812.7,38.98
812.75,38.99
812.8,39.0
812.85,39.02
812.9,39.04
812.95,39.05
813.0,39.07
813.05,39.08
813.1,39.1
813.15,39.11
813.2,39.13
813.25,39.14
813.3,39.15
813.35,39.16
813.4,39.17
813.45,39.18
813.5,39.19
813.55,39.2
813.6,39.21
813.65,39.22
813.7,39.23
813.75,39.24
813.8,39.25
813.85,39.26
813.9,39.27
813.95,39.28
814.0,39.29
814.05,39.3
814.1,39.32
814.15,39.33
814.2,39.35
814.25,39.36
814.3,39.38
814.35,39.39
814.4,39.41
814.45,39.42
814.5,39.44
814.55,39.45
814.6,39.46
814.65,39.47
814.7,39.48
814.75,39.49
814.8,39.5
814.85,39.51
814.9,39.52
814.95,39.53
815.0,39.54
815.05,39.55
815.1,39.56
815.15,39.57
815.2,39.58
815.25,39.59
815.3,39.6
815.35,39.61
815.4,39.62
815.45,39.63
815.5,39.64
815.55,39.65
815.6,39.66
815.65,39.67
815.7,39.68
815.75,39.7
815.8,39.71
815.85,39.73
815.9,39.74
815.95,39.75
816.0,39.76
816.05,39.77
816.1,39.77
816.15,39.78
816.2,39.78
816.25,39.77
816.3,39.77
816.35,39.77
816.4,39.78
816.45,39.78
816.5,39.79
816.55,39.81
816.6,39.82
816.65,39.83
816.7,39.85
816.75,39.86
816.8,39.87
816.85,39.89
816.9,39.9
816.95,39.91
817.0,39.92
817.05,39.93
817.1,39.94
817.15,39.95
817.2,39.96
817.25,39.96
817.3,39.97
817.35,39.98
817.4,39.99
817.45,40.0
817.5,40.01
817.55,40.02
817.6,40.03
817.65,40.04
817.7,40.04
817.75,40.05
817.8,40.05
817.85,40.06
817.9,40.07
817.95,40.07
818.0,40.08
818.05,40.08
818.1,40.09
818.15,40.09
818.2,40.1
818.25,40.11
818.3,40.11
818.35,40.12
818.4,40.13
818.45,40.13
818.5,40.14
818.55,40.14
818.6,40.15
818.65,40.15
818.7,40.16
818.75,40.16
818.8,40.17
818.85,40.17
818.9,40.18
818.95,40.18
819.0,40.19
819.05,40.19
819.1,40.19
819.15,40.19
819.2,40.19
819.25,40.2
819.3,40.2
819.35,40.2
819.4,40.21
819.45,40.21
819.5,40.21
819.55,40.22
819.6,40.22
819.65,40.23
819.7,40.23
819.75,40.24
819.8,40.24
819.85,40.24
819.9,40.24
819.95,40.24
820.0,40.24
820.05,40.24
820.1,40.24
820.15,40.24
820.2,40.24
820.25,40.24
820.3,40.24
820.35,40.25
820.4,40.25
820.45,40.25
820.5,40.26
820.55,40.26
820.6,40.27
820.65,40.27
820.7,40.27
820.75,40.28
820.8,40.28
820.85,40.28
820.9,40.28
820.95,40.28
821.0,40.28
821.05,40.28
821.1,40.28
821.15,40.28
821.2,40.28
821.25,40.28
821.3,40.28
821.35,40.28
821.4,40.27
821.45,40.27
821.5,40.26
821.55,40.26
821.6,40.26
821.65,40.25
821.7,40.25
821.75,40.24
821.8,40.24
821.85,40.24
821.9,40.24
821.95,40.24
822.0,40.24
822.05,40.24
822.1,40.24
822.15,40.24
822.2,40.24
822.25,40.24
822.3,40.24
822.35,40.24
822.4,40.24
822.45,40.24
822.5,40.24
822.55,40.23
822.6,40.23
822.65,40.23
822.7,40.22
822.75,40.22
822.8,40.21
822.85,40.21
822.9,40.2
822.95,40.2
823.0,40.2
823.05,40.2
823.1,40.19
823.15,40.19
823.2,40.19
823.25,40.18
823.3,40.18
823.35,40.17
823.4,40.17
823.45,40.16
823.5,40.16
823.55,40.16
823.6,40.15
823.65,40.15
823.7,40.15
823.75,40.15
823.8,40.15
823.85,40.15
823.9,40.15
823.95,40.15
824.0,40.15
824.05,40.15
824.1,40.15
824.15,40.15
824.2,40.15
824.25,40.15
824.3,40.15
824.35,40.15
824.4,40.15
824.45,40.15
824.5,40.15
824.55,40.15
824.6,40.15
824.65,40.15
824.7,40.15
824.75,40.15
824.8,40.14
824.85,40.14
824.9,40.13
824.95,40.13
825.0,40.13
825.05,40.12
825.1,40.12
825.15,40.11
825.2,40.11
825.25,40.11
825.3,40.11
825.35,40.11
825.4,40.11
825.45,40.11
825.5,40.11
825.55,40.11
825.6,40.11
825.65,40.11
825.7,40.1
825.75,40.1
825.8,40.1
825.85,40.09
825.9,40.09
825.95,40.09
826.0,40.08
826.05,40.08
826.1,40.07
826.15,40.07
826.2,40.06
826.25,40.06
826.3,40.06
826.35,40.06
826.4,40.06
826.45,40.06
826.5,40.06
826.55,40.06
826.6,40.06
826.65,40.06
826.7,40.06
826.75,40.06
826.8,40.06
826.85,40.06
826.9,40.06
826.95,40.06
827.0,40.06
827.05,40.06
827.1,40.06
827.15,40.06
827.2,40.06
827.25,40.06
827.3,40.06
827.35,40.05
827.4,40.05
827.45,40.04
827.5,40.04
827.55,40.03
827.6,40.03
827.65,40.02
827.7,40.02
827.75,40.02
827.8,40.02
827.85,40.02
827.9,40.02
827.95,40.02
828.0,40.02
828.05,40.02
828.1,40.02
828.15,40.02
828.2,40.02
828.25,40.02
828.3,40.02
828.35,40.02
828.4,40.02
828.45,40.01
828.5,40.01
828.55,40.01
828.6,40.0
828.65,40.0
828.7,39.99
828.75,39.99
828.8,39.99
828.85,39.98
828.9,39.98
828.95,39.97
829.0,39.97
829.05,39.97
829.1,39.97
829.15,39.97
829.2,39.97
829.25,39.97
829.3,39.97
829.35,39.97
829.4,39.97
829.45,39.97
829.5,39.97
829.55,39.97
829.6,39.97
829.65,39.97
829.7,39.97
829.75,39.97
829.8,39.96
829.85,39.96
829.9,39.95
829.95,39.95
830.0,39.94
830.05,39.94
830.1,39.93
830.15,39.93
830.2,39.93
830.25,39.93
830.3,39.93
830.35,39.93
830.4,39.93
830.45,39.93
830.5,39.93
830.55,39.93
830.6,39.93
830.65,39.93
830.7,39.92
830.75,39.92
830.8,39.92
830.85,39.91
830.9,39.91
830.95,39.9
831.0,39.9
831.05,39.89
831.1,39.89
831.15,39.89
831.2,39.89
831.25,39.88
831.3,39.88
831.35,39.88
831.4,39.88
831.45,39.88
831.5,39.88
831.55,39.88
831.6,39.87
831.65,39.87
831.7,39.86
831.75,39.86
831.8,39.86
831.85,39.85
831.9,39.85
831.95,39.84
832.0,39.84
832.05,39.84
832.1,39.84
832.15,39.83
832.2,39.83
832.25,39.83
832.3,39.82
832.35,39.82
832.4,39.81
832.45,39.81
832.5,39.8
832.55,39.8
832.6,39.8
832.65,39.8
832.7,39.79
832.75,39.79
832.8,39.79
832.85,39.79
832.9,39.79
832.95,39.79
833.0,39.79
833.05,39.79
833.1,39.78
833.15,39.78
833.2,39.77
833.25,39.77
833.3,39.76
833.35,39.76
833.4,39.76
833.45,39.75
833.5,39.75
833.55,39.75
833.6,39.75
833.65,39.75
833.7,39.74
833.75,39.74
833.8,39.73
833.85,39.73
833.9,39.73
833.95,39.72
834.0,39.72
834.05,39.71
834.1,39.71
834.15,39.7
834.2,39.7
834.25,39.69
834.3,39.69
834.35,39.69
834.4,39.68
834.45,39.68
834.5,39.67
834.55,39.67
834.6,39.66
834.65,39.65
834.7,39.65
834.75,39.64
834.8,39.64
834.85,39.63
834.9,39.63
834.95,39.62
835.0,39.62
835.05,39.62
835.1,39.62
835.15,39.62
835.2,39.62
835.25,39.62
835.3,39.61
835.35,39.61
835.4,39.61
835.45,39.6
835.5,39.6
835.55,39.59
835.6,39.59
835.65,39.58
835.7,39.58
835.75,39.57
835.8,39.57
835.85,39.57
835.9,39.57
835.95,39.58
836.0,39.59
836.05,39.59
836.1,39.6
836.15,39.61
836.2,39.62
836.25,39.63
836.3,39.64
836.35,39.65
836.4,39.65
836.45,39.66
836.5,39.66
836.55,39.66
836.6,39.66
836.65,39.66
836.7,39.66
836.75,39.66
836.8,39.66
836.85,39.66
836.9,39.66
836.95,39.66
837.0,39.66
837.05,39.66
837.1,39.66
837.15,39.66
837.2,39.66
837.25,39.66
837.3,39.66
837.35,39.66
837.4,39.66
837.45,39.66
837.5,39.66
837.55,39.66
837.6,39.66
837.65,39.66
837.7,39.66
837.75,39.66
837.8,39.66
837.85,39.66
837.9,39.66
837.95,39.66
838.0,39.66
838.05,39.66
838.1,39.66
838.15,39.66
838.2,39.66
838.25,39.66
838.3,39.66
838.35,39.66
838.4,39.66
838.45,39.65
838.5,39.65
838.55,39.64
838.6,39.64
838.65,39.64
838.7,39.64
838.75,39.63
838.8,39.63
838.85,39.64
838.9,39.64
838.95,39.64
839.0,39.65
839.05,39.65
839.1,39.66
839.15,39.66
839.2,39.66
839.25,39.66
839.3,39.66
839.35,39.66
839.4,39.66
839.45,39.66
839.5,39.66
839.55,39.66
839.6,39.66
839.65,39.66
839.7,39.66
839.75,39.66
839.8,39.66
839.85,39.66
839.9,39.66
839.95,39.66
840.0,39.66
840.05,39.66
840.1,39.66
840.15,39.66
840.2,39.66
840.25,39.66
840.3,39.66
840.35,39.66
840.4,39.66
840.45,39.66
840.5,39.66
840.55,39.66
840.6,39.66
840.65,39.67
840.7,39.67
840.75,39.68
840.8,39.68
840.85,39.69
840.9,39.69
840.95,39.69
841.0,39.7
841.05,39.7
841.1,39.7
841.15,39.7
841.2,39.7
841.25,39.71
841.3,39.71
841.35,39.71
841.4,39.72
841.45,39.72
841.5,39.73
841.55,39.73
841.6,39.74
841.65,39.75
841.7,39.75
841.75,39.76
841.8,39.76
841.85,39.77
841.9,39.77
841.95,39.78
842.0,39.78
842.05,39.79
842.1,39.79
842.15,39.8
842.2,39.8
842.25,39.81
842.3,39.81
842.35,39.82
842.4,39.83
842.45,39.84
842.5,39.85
842.55,39.86
842.6,39.88
842.65,39.89
842.7,39.9
842.75,39.91
842.8,39.92
842.85,39.93
842.9,39.94
842.95,39.94
843.0,39.95
843.05,39.96
843.1,39.97
843.15,39.99
843.2,40.0
843.25,40.01
843.3,40.02
843.35,40.03
843.4,40.04
843.45,40.05
843.5,40.07
843.55,40.08
843.6,40.08
843.65,40.09
843.7,40.1
843.75,40.11
843.8,40.13
843.85,40.14
843.9,40.15
843.95,40.16
844.0,40.17
